Unnamed: 0,discriminator_score,image,race,hair_length,red_mean,green_mean,blue_mean,luminance
0,148.75694274902344,images/AtypicalFaces/rbg_images/CleanedAsianMenLongHair/6_cropped.png,asian,long,141.11493,123.42827,129.35434,0.5004604
1,141.19667053222656,images/AtypicalFaces/rbg_images/CleanedAsianMenLongHair/2_cropped.png,asian,long,158.53375,71.32802,50.462322,0.3465423
2,154.70843505859375,images/AtypicalFaces/rbg_images/CleanedAsianMenLongHair/115_cropped.png,asian,long,111.71867,81.48384,70.30966,0.341598
3,132.8583221435547,images/AtypicalFaces/rbg_images/CleanedAsianMenLongHair/76_cropped.png,asian,long,141.33472,135.53656,134.05821,0.53593326
4,179.21417236328125,images/AtypicalFaces/rbg_images/CleanedAsianMenLongHair/114_cropped.png,asian,long,173.59814,159.27292,144.23276,0.63229036
5,155.55316162109375,images/AtypicalFaces/rbg_images/CleanedAsianMenLongHair/90_cropped.png,asian,long,129.33243,115.8556,110.0182,0.4639234
6,177.48146057128906,images/AtypicalFaces/rbg_images/CleanedAsianMenLongHair/22_cropped.png,asian,long,169.92174,154.05351,143.86522,0.6144822
7,141.51174926757812,images/AtypicalFaces/rbg_images/CleanedAsianMenLongHair/124_cropped.png,asian,long,98.547066,127.65479,136.73164,0.47889996
8,135.1901092529297,images/AtypicalFaces/rbg_images/CleanedAsianMenLongHair/86_cropped.png,asian,long,142.72726,123.83312,107.5336,0.49676484
9,136.02638244628906,images/AtypicalFaces/rbg_images/CleanedAsianMenLongHair/127_cropped.png,asian,long,136.31203,85.79566,69.93782,0.37409648
10,141.90428161621094,images/AtypicalFaces/rbg_images/CleanedAsianMenLongHair/74_cropped.png,asian,long,150.28339,156.33527,150.78328,0.6064608
11,144.6453399658203,images/AtypicalFaces/rbg_images/CleanedAsianMenLongHair/168_cropped.png,asian,long,191.14874,185.18707,177.14769,0.7289207
12,115.44632720947266,images/AtypicalFaces/rbg_images/CleanedAsianMenLongHair/360_cropped.png,asian,long,104.05451,98.2203,95.80237,0.38935912
13,120.61981201171876,images/AtypicalFaces/rbg_images/CleanedAsianMenLongHair/227_cropped.png,asian,long,93.91515,87.95182,83.81832,0.3487127
14,158.37420654296875,images/AtypicalFaces/rbg_images/CleanedAsianMenLongHair/147_cropped.png,asian,long,99.74072,73.514366,60.985104,0.30661857
15,124.65904235839844,images/AtypicalFaces/rbg_images/CleanedAsianMenLongHair/10_cropped.png,asian,long,107.591805,91.56001,80.98747,0.36943725
16,182.540771484375,images/AtypicalFaces/rbg_images/CleanedAsianMenLongHair/235_cropped.png,asian,long,148.13187,131.06812,123.3004,0.5260255
17,167.14010620117188,images/AtypicalFaces/rbg_images/CleanedAsianMenLongHair/131_cropped.png,asian,long,133.27864,110.54385,101.44086,0.44988993
18,104.46290588378906,images/AtypicalFaces/rbg_images/CleanedAsianMenLongHair/18_cropped.png,asian,long,118.52278,104.716896,96.1953,0.41975698
19,128.8761444091797,images/AtypicalFaces/rbg_images/CleanedAsianMenLongHair/29_cropped.png,asian,long,104.565636,105.18365,104.22744,0.41169888
20,184.9152374267578,images/AtypicalFaces/rbg_images/CleanedAsianMenLongHair/98_cropped.png,asian,long,110.76264,81.46061,68.40995,0.34019786
21,126.4420394897461,images/AtypicalFaces/rbg_images/CleanedAsianMenLongHair/27_cropped.png,asian,long,97.84012,72.52496,84.892296,0.3090247
22,151.83761596679688,images/AtypicalFaces/rbg_images/CleanedAsianMenLongHair/170_cropped.png,asian,long,152.02042,142.88423,135.81468,0.5659491
23,107.4871826171875,images/AtypicalFaces/rbg_images/CleanedAsianMenLongHair/69_cropped.png,asian,long,121.29187,114.92712,121.03044,0.4577301
24,158.11703491210938,images/AtypicalFaces/rbg_images/CleanedAsianMenLongHair/314_cropped.png,asian,long,179.77542,147.8162,128.42879,0.60083866
25,183.73228454589844,images/AtypicalFaces/rbg_images/CleanedAsianMenLongHair/41_cropped.png,asian,long,121.24582,108.71242,99.08221,0.43405065
26,122.20945739746094,images/AtypicalFaces/rbg_images/CleanedAsianMenLongHair/120_cropped.png,asian,long,128.21208,115.35554,112.43235,0.46226978
27,147.726806640625,images/AtypicalFaces/rbg_images/CleanedAsianMenLongHair/242_cropped.png,asian,long,121.10183,108.13212,98.20251,0.4320541
28,156.33102416992188,images/AtypicalFaces/rbg_images/CleanedAsianMenLongHair/20_cropped.png,asian,long,127.38001,103.09987,97.18301,0.4228884
29,143.54977416992188,images/AtypicalFaces/rbg_images/CleanedAsianMenLongHair/153_cropped.png,asian,long,114.87685,103.271454,99.64394,0.4136385
30,137.95358276367188,images/AtypicalFaces/rbg_images/CleanedAsianMenLongHair/146_cropped.png,asian,long,91.56545,95.289536,94.03359,0.37022313
31,170.58544921875,images/AtypicalFaces/rbg_images/CleanedAsianMenLongHair/143_cropped.png,asian,long,165.95694,143.71379,138.21706,0.58057874
32,125.23818969726562,images/AtypicalFaces/rbg_images/CleanedAsianMenLongHair/320_cropped.png,asian,long,128.21155,115.22739,104.18347,0.45957533
33,76.07169342041016,images/AtypicalFaces/rbg_images/CleanedAsianMenLongHair/260_cropped.png,asian,long,112.457565,108.975296,104.49138,0.4289893
34,161.99710083007812,images/AtypicalFaces/rbg_images/CleanedAsianMenLongHair/372_cropped.png,asian,long,197.65283,156.32138,141.53384,0.6433104
35,134.35836791992188,images/AtypicalFaces/rbg_images/CleanedAsianMenLongHair/97_cropped.png,asian,long,146.91113,132.27081,125.33119,0.52895504
36,152.0617218017578,images/AtypicalFaces/rbg_images/CleanedAsianMenLongHair/8_cropped.png,asian,long,146.44997,126.31947,115.864075,0.5092004
37,134.71913146972656,images/AtypicalFaces/rbg_images/CleanedAsianMenLongHair/390_cropped.png,asian,long,93.77399,65.473335,55.06018,0.27741396
38,137.26173400878906,images/AtypicalFaces/rbg_images/CleanedAsianMenLongHair/176_cropped.png,asian,long,134.46371,97.04609,73.15345,0.4050174
39,164.0626678466797,images/AtypicalFaces/rbg_images/CleanedAsianMenLongHair/123_cropped.png,asian,long,143.50525,130.51797,127.004875,0.52167237
40,164.83038330078125,images/AtypicalFaces/rbg_images/CleanedAsianMenLongHair/190_cropped.png,asian,long,185.75671,172.14711,166.14891,0.6847394
41,168.15542602539062,images/AtypicalFaces/rbg_images/CleanedAsianMenLongHair/484_cropped.png,asian,long,196.67125,186.47664,180.4601,0.7380805
42,140.63673400878906,images/AtypicalFaces/rbg_images/CleanedAsianMenLongHair/171_cropped.png,asian,long,115.93369,95.40514,83.78427,0.38796988
43,180.40208435058597,images/AtypicalFaces/rbg_images/CleanedAsianMenLongHair/164_cropped.png,asian,long,171.391,166.73682,170.9986,0.65895766
44,134.45753479003906,images/AtypicalFaces/rbg_images/CleanedAsianMenLongHair/150_cropped.png,asian,long,152.4381,138.5951,135.15247,0.5540809
45,115.34991455078124,images/AtypicalFaces/rbg_images/CleanedAsianMenLongHair/218_cropped.png,asian,long,119.96459,116.70427,144.2317,0.46817368
46,140.377197265625,images/AtypicalFaces/rbg_images/CleanedAsianMenLongHair/210_cropped.png,asian,long,123.61787,117.97198,121.82208,0.46843347
47,179.6770782470703,images/AtypicalFaces/rbg_images/CleanedAsianMenLongHair/181_cropped.png,asian,long,171.78697,137.43382,122.82961,0.56347364
48,160.0761260986328,images/AtypicalFaces/rbg_images/CleanedAsianMenLongHair/383_cropped.png,asian,long,166.10535,128.20007,123.4231,0.53300655
49,173.5653533935547,images/AtypicalFaces/rbg_images/CleanedAsianMenLongHair/270_cropped.png,asian,long,153.14856,146.4914,141.3445,0.5785715
50,74.27266693115234,images/AtypicalFaces/rbg_images/CleanedAsianMenLongHair/61_cropped.png,asian,long,63.70122,51.420406,46.88278,0.21060671
51,157.7221221923828,images/AtypicalFaces/rbg_images/CleanedAsianMenLongHair/17_cropped.png,asian,long,120.20574,94.19176,79.080925,0.3867986
52,142.87469482421875,images/AtypicalFaces/rbg_images/CleanedAsianMenLongHair/129_cropped.png,asian,long,127.703186,116.8221,117.75072,0.46746358
53,150.04942321777344,images/AtypicalFaces/rbg_images/CleanedAsianMenLongHair/155_cropped.png,asian,long,156.40236,138.93921,131.13504,0.5572154
54,131.39556884765625,images/AtypicalFaces/rbg_images/CleanedAsianMenLongHair/36_cropped.png,asian,long,160.06244,151.78105,146.51764,0.60063696
55,151.46087646484375,images/AtypicalFaces/rbg_images/CleanedAsianMenLongHair/84_cropped.png,asian,long,114.27364,99.602066,88.43544,0.39967215
56,157.62631225585938,images/AtypicalFaces/rbg_images/CleanedAsianMenLongHair/88_cropped.png,asian,long,126.679565,123.56641,133.74786,0.490052
57,125.11835479736328,images/AtypicalFaces/rbg_images/CleanedAsianMenLongHair/334_cropped.png,asian,long,153.12051,148.06435,145.49623,0.5841347
58,113.16558074951172,images/AtypicalFaces/rbg_images/CleanedAsianMenLongHair/159_cropped.png,asian,long,44.93279,29.893204,22.583288,0.1277025
59,157.1582489013672,images/AtypicalFaces/rbg_images/CleanedAsianMenLongHair/52_cropped.png,asian,long,185.5313,178.02898,170.96074,0.70240945
60,164.932373046875,images/AtypicalFaces/rbg_images/CleanedAsianMenLongHair/299_cropped.png,asian,long,166.04526,143.54346,134.26692,0.57905674
61,155.42591857910156,images/AtypicalFaces/rbg_images/CleanedAsianMenLongHair/112_cropped.png,asian,long,142.90077,128.78181,119.71096,0.5142347
62,127.82643127441406,images/AtypicalFaces/rbg_images/CleanedAsianMenLongHair/93_cropped.png,asian,long,75.75283,69.1667,57.125614,0.27332696
63,128.4566192626953,images/AtypicalFaces/rbg_images/CleanedAsianMenLongHair/37_cropped.png,asian,long,140.59216,133.95343,131.57297,0.5301706
64,159.46649169921875,images/AtypicalFaces/rbg_images/CleanedAsianMenLongHair/308_cropped.png,asian,long,168.74164,160.10928,152.56555,0.63294387
65,144.63710021972656,images/AtypicalFaces/rbg_images/CleanedAsianMenLongHair/125_cropped.png,asian,long,172.98244,106.01259,82.421684,0.4649122
66,161.2160186767578,images/AtypicalFaces/rbg_images/CleanedAsianMenLongHair/7_cropped.png,asian,long,132.7947,100.14356,85.540276,0.41581804
67,134.1450653076172,images/AtypicalFaces/rbg_images/CleanedAsianMenLongHair/356_cropped.png,asian,long,152.4811,141.41446,137.0117,0.5625502
68,149.25146484375,images/AtypicalFaces/rbg_images/CleanedAsianMenLongHair/9_cropped.png,asian,long,140.2581,123.64895,116.56744,0.49674574
69,119.40597534179688,images/AtypicalFaces/rbg_images/CleanedAsianMenLongHair/426_cropped.png,asian,long,105.04661,114.1572,129.47864,0.44441324
70,116.66800689697266,images/AtypicalFaces/rbg_images/CleanedAsianMenLongHair/177_cropped.png,asian,long,107.003395,88.98842,76.76743,0.36054003
71,170.44210815429688,images/AtypicalFaces/rbg_images/CleanedAsianMenLongHair/87_cropped.png,asian,long,188.52455,179.83124,173.9545,0.7108076
72,137.85484313964844,images/AtypicalFaces/rbg_images/CleanedAsianMenLongHair/24_cropped.png,asian,long,134.46236,126.015854,121.165375,0.4998515
73,132.24659729003906,images/AtypicalFaces/rbg_images/CleanedAsianMenLongHair/207_cropped.png,asian,long,148.30035,132.44504,129.14972,0.5316831
74,159.2909393310547,images/AtypicalFaces/rbg_images/CleanedAsianMenLongHair/204_cropped.png,asian,long,151.48192,137.5523,127.19562,0.5481069
75,121.41120147705078,images/AtypicalFaces/rbg_images/CleanedAsianMenLongHair/200_cropped.png,asian,long,100.77367,89.3436,82.757774,0.35803586
76,194.73301696777344,images/AtypicalFaces/rbg_images/CleanedAsianMenLongHair/72_cropped.png,asian,long,179.99413,173.41425,171.7291,0.6850665
77,148.04763793945312,images/AtypicalFaces/rbg_images/CleanedAsianMenLongHair/51_cropped.png,asian,long,141.05977,120.71898,127.15757,0.49219432
78,154.01148986816406,images/AtypicalFaces/rbg_images/CleanedAsianMenLongHair/215_cropped.png,asian,long,166.16748,134.10612,124.49684,0.5499261
79,84.16328430175781,images/AtypicalFaces/rbg_images/CleanedAsianMenLongHair/226_cropped.png,asian,long,100.48616,90.68794,76.173035,0.35970286
80,112.1425323486328,images/AtypicalFaces/rbg_images/CleanedAsianMenLongHair/108_cropped.png,asian,long,107.167946,90.29286,55.61429,0.35834894
81,126.83841705322266,images/AtypicalFaces/rbg_images/CleanedAsianMenLongHair/133_cropped.png,asian,long,110.1975,99.27613,83.3361,0.39391539
82,159.69287109375,images/AtypicalFaces/rbg_images/CleanedAsianMenLongHair/142_cropped.png,asian,long,121.98842,111.388306,103.47533,0.44341797
83,83.92202758789062,images/AtypicalFaces/rbg_images/CleanedAsianMenLongHair/92_cropped.png,asian,long,87.27039,81.82066,77.59925,0.3242157
84,173.2068328857422,images/AtypicalFaces/rbg_images/CleanedAsianMenLongHair/111_cropped.png,asian,long,117.52995,112.97027,102.60378,0.44388956
85,176.27389526367188,images/AtypicalFaces/rbg_images/CleanedAsianMenLongHair/110_cropped.png,asian,long,125.29037,114.52195,104.41974,0.45522758
86,131.90338134765625,images/AtypicalFaces/rbg_images/CleanedAsianMenLongHair/340_cropped.png,asian,long,125.470985,96.523384,97.758766,0.40301517
87,184.9905548095703,images/AtypicalFaces/rbg_images/CleanedAsianMenLongHair/11_cropped.png,asian,long,142.26518,113.025955,102.91797,0.46476394
88,136.52159118652344,images/AtypicalFaces/rbg_images/CleanedAsianMenLongHair/413_cropped.png,asian,long,129.13222,121.2698,120.60233,0.4819363
89,141.13206481933594,images/AtypicalFaces/rbg_images/CleanedAsianMenLongHair/358_cropped.png,asian,long,141.59276,133.79059,122.2996,0.52792394
90,144.7480010986328,images/AtypicalFaces/rbg_images/CleanedAsianMenLongHair/550_cropped.png,asian,long,104.71041,83.461235,70.55904,0.34136933
91,143.9541473388672,images/AtypicalFaces/rbg_images/CleanedAsianMenLongHair/4_cropped.png,asian,long,95.3756,90.65845,89.395744,0.35910007
92,144.23484802246094,images/AtypicalFaces/rbg_images/CleanedAsianMenLongHair/362_cropped.png,asian,long,180.13445,170.83191,166.09186,0.6763459
93,109.74480438232422,images/AtypicalFaces/rbg_images/CleanedAsianMenLongHair/188_cropped.png,asian,long,103.6672,96.05145,93.62058,0.38233596
94,103.6783676147461,images/AtypicalFaces/rbg_images/CleanedAsianMenLongHair/400_cropped.png,asian,long,112.04541,87.86171,75.68337,0.3612784
95,102.47410583496094,images/AtypicalFaces/rbg_images/CleanedAsianMenLongHair/214_cropped.png,asian,long,167.77008,161.718,161.00797,0.63903475
96,139.3832550048828,images/AtypicalFaces/rbg_images/CleanedAsianMenLongHair/1_cropped.png,asian,long,131.29492,113.8823,119.620705,0.4627435
97,162.1285858154297,images/AtypicalFaces/rbg_images/CleanedAsianMenLongHair/375_cropped.png,asian,long,167.44957,165.09212,156.60945,0.64698535
98,117.47917175292967,images/AtypicalFaces/rbg_images/CleanedAsianMenLongHair/205_cropped.png,asian,long,104.23934,76.74076,62.438744,0.31983042
99,131.2228240966797,images/AtypicalFaces/rbg_images/CleanedAsianMenLongHair/95_cropped.png,asian,long,98.062294,87.071175,83.22075,0.34953257
0,132.4585723876953,images/AtypicalFaces/rbg_images/CleanedBlackMenLongHair/6_cropped.png,black,long,110.25974,102.98262,110.05285,0.41192353
1,72.31098937988281,images/AtypicalFaces/rbg_images/CleanedBlackMenLongHair/2_cropped.png,black,long,57.132164,49.887318,44.834213,0.20024867
2,110.2985610961914,images/AtypicalFaces/rbg_images/CleanedBlackMenLongHair/23_cropped.png,black,long,104.009,98.445564,97.93073,0.39055532
3,162.107421875,images/AtypicalFaces/rbg_images/CleanedBlackMenLongHair/59_cropped.png,black,long,144.33377,104.16123,87.126854,0.4371585
4,158.79714965820312,images/AtypicalFaces/rbg_images/CleanedBlackMenLongHair/162_cropped.png,black,long,82.38637,66.346,68.473946,0.27416041
5,65.6936264038086,images/AtypicalFaces/rbg_images/CleanedBlackMenLongHair/42_cropped.png,black,long,56.596203,50.68178,52.42008,0.20417671
6,109.63593292236328,images/AtypicalFaces/rbg_images/CleanedBlackMenLongHair/85_cropped.png,black,long,78.184975,77.50327,90.86114,0.30828345
7,109.71219635009766,images/AtypicalFaces/rbg_images/CleanedBlackMenLongHair/130_locs_cropped.png,black,long,79.15381,64.26435,53.563744,0.26140648
8,111.13347625732422,images/AtypicalFaces/rbg_images/CleanedBlackMenLongHair/35_locs_cropped.png,black,long,135.13655,131.31648,135.01549,0.51919943
9,133.01702880859375,images/AtypicalFaces/rbg_images/CleanedBlackMenLongHair/161_cropped.png,black,long,143.51372,137.63829,122.00423,0.5402335
10,178.56448364257812,images/AtypicalFaces/rbg_images/CleanedBlackMenLongHair/106_locs_cropped.png,black,long,84.94139,70.49777,68.80141,0.2880278
11,98.78473663330078,images/AtypicalFaces/rbg_images/CleanedBlackMenLongHair/100_cropped.png,black,long,91.52155,83.193954,79.24325,0.33207795
12,95.31930541992188,images/AtypicalFaces/rbg_images/CleanedBlackMenLongHair/207_locs_cropped.png,black,long,113.098625,102.04541,97.57492,0.4081313
13,190.6399078369141,images/AtypicalFaces/rbg_images/CleanedBlackMenLongHair/278_locs_cropped.png,black,long,125.87149,105.840805,95.25709,0.42877227
14,176.69406127929688,images/AtypicalFaces/rbg_images/CleanedBlackMenLongHair/48_cropped.png,black,long,177.3076,163.00044,154.47655,0.6487372
15,133.77557373046875,images/AtypicalFaces/rbg_images/CleanedBlackMenLongHair/10_cropped.png,black,long,82.65025,65.775665,54.62925,0.2688627
16,188.31802368164065,images/AtypicalFaces/rbg_images/CleanedBlackMenLongHair/4_locs_cropped.png,black,long,161.19241,123.49506,103.31828,0.51002383
17,117.37311553955078,images/AtypicalFaces/rbg_images/CleanedBlackMenLongHair/39_cropped.png,black,long,102.78662,88.12531,75.95929,0.35437387
18,94.9254913330078,images/AtypicalFaces/rbg_images/CleanedBlackMenLongHair/3_locs_cropped.png,black,long,126.848854,121.10093,120.91183,0.47964597
19,65.36676025390625,images/AtypicalFaces/rbg_images/CleanedBlackMenLongHair/177_locs_cropped.png,black,long,63.591778,58.086597,52.75525,0.23087305
20,94.61690521240234,images/AtypicalFaces/rbg_images/CleanedBlackMenLongHair/194_locs_cropped.png,black,long,86.71077,67.66928,65.971825,0.28077003
21,98.52871704101562,images/AtypicalFaces/rbg_images/CleanedBlackMenLongHair/27_cropped.png,black,long,88.168434,76.43277,80.90678,0.31079018
22,92.2529296875,images/AtypicalFaces/rbg_images/CleanedBlackMenLongHair/15_locs_cropped.png,black,long,53.469074,42.662743,39.448883,0.17540784
23,180.7129669189453,images/AtypicalFaces/rbg_images/CleanedBlackMenLongHair/69_cropped.png,black,long,142.25482,122.59138,116.55158,0.4954406
24,68.43299865722656,images/AtypicalFaces/rbg_images/CleanedBlackMenLongHair/299_locs_cropped.png,black,long,81.52368,48.026054,26.669231,0.2102303
25,110.7353057861328,images/AtypicalFaces/rbg_images/CleanedBlackMenLongHair/120_cropped.png,black,long,105.48303,85.90379,76.030205,0.3504124
26,153.94613647460938,images/AtypicalFaces/rbg_images/CleanedBlackMenLongHair/96_locs_cropped.png,black,long,157.06134,140.5913,138.43633,0.5644646
27,147.76351928710938,images/AtypicalFaces/rbg_images/CleanedBlackMenLongHair/243_locs_cropped.png,black,long,107.84697,116.78997,107.36194,0.44787312
28,70.55281829833984,images/AtypicalFaces/rbg_images/CleanedBlackMenLongHair/181_locs_cropped.png,black,long,62.7934,51.135586,46.188934,0.2088544
29,132.67262268066406,images/AtypicalFaces/rbg_images/CleanedBlackMenLongHair/205_locs_cropped.png,black,long,138.73781,118.19342,116.10261,0.480046
30,134.91612243652344,images/AtypicalFaces/rbg_images/CleanedBlackMenLongHair/66_locs_cropped.png,black,long,128.39742,123.82061,122.57503,0.48903558
31,139.91920471191406,images/AtypicalFaces/rbg_images/CleanedBlackMenLongHair/44_cropped.png,black,long,122.83667,96.08627,73.12229,0.39261976
32,102.5539779663086,images/AtypicalFaces/rbg_images/CleanedBlackMenLongHair/61_locs_cropped.png,black,long,96.31207,69.939186,57.06926,0.292624
33,104.05933380126952,images/AtypicalFaces/rbg_images/CleanedBlackMenLongHair/75_cropped.png,black,long,102.22037,97.77998,95.77911,0.38658798
34,67.82022857666016,images/AtypicalFaces/rbg_images/CleanedBlackMenLongHair/91_locs_cropped.png,black,long,47.19186,54.817364,62.723072,0.2108478
35,138.8070526123047,images/AtypicalFaces/rbg_images/CleanedBlackMenLongHair/277_locs_cropped.png,black,long,178.27338,172.40848,176.96944,0.68229383
36,156.3794708251953,images/AtypicalFaces/rbg_images/CleanedBlackMenLongHair/224_cropped.png,black,long,120.49719,119.70883,127.60796,0.47233948
37,188.759765625,images/AtypicalFaces/rbg_images/CleanedBlackMenLongHair/252_cropped.png,black,long,106.71614,70.26807,66.70694,0.30495104
38,102.10765838623048,images/AtypicalFaces/rbg_images/CleanedBlackMenLongHair/16_locs_cropped.png,black,long,58.333546,50.736263,43.630398,0.20329085
39,141.4373016357422,images/AtypicalFaces/rbg_images/CleanedBlackMenLongHair/54_cropped.png,black,long,111.01701,91.677345,85.38691,0.37386805
40,120.71223449707033,images/AtypicalFaces/rbg_images/CleanedBlackMenLongHair/253_locs_cropped.png,black,long,94.17488,77.50089,85.52931,0.32010344
41,91.71707916259766,images/AtypicalFaces/rbg_images/CleanedBlackMenLongHair/137_cropped.png,black,long,147.59143,131.7989,128.6607,0.52914125
42,157.0351104736328,images/AtypicalFaces/rbg_images/CleanedBlackMenLongHair/64_locs_cropped.png,black,long,131.77705,98.278984,81.705376,0.40865475
43,161.01995849609375,images/AtypicalFaces/rbg_images/CleanedBlackMenLongHair/197_locs_cropped.png,black,long,115.44576,93.99869,78.2408,0.38204956
44,157.7692413330078,images/AtypicalFaces/rbg_images/CleanedBlackMenLongHair/116_cropped.png,black,long,122.15222,93.6108,112.958115,0.3963805
45,116.98323822021484,images/AtypicalFaces/rbg_images/CleanedBlackMenLongHair/160_locs_cropped.png,black,long,136.77666,119.75178,108.545876,0.48064223
46,86.26134490966797,images/AtypicalFaces/rbg_images/CleanedBlackMenLongHair/254_locs_cropped.png,black,long,91.18626,99.26031,75.21629,0.3757175
47,122.48281860351562,images/AtypicalFaces/rbg_images/CleanedBlackMenLongHair/227_locs_cropped.png,black,long,98.891075,89.95606,71.930305,0.35511917
48,159.42315673828125,images/AtypicalFaces/rbg_images/CleanedBlackMenLongHair/139_cropped.png,black,long,158.87103,137.20892,122.786415,0.55205876
49,67.28223419189453,images/AtypicalFaces/rbg_images/CleanedBlackMenLongHair/14_cropped.png,black,long,74.71802,66.39176,65.76765,0.26712734
50,118.40608978271484,images/AtypicalFaces/rbg_images/CleanedBlackMenLongHair/5_cropped.png,black,long,107.01213,92.23195,78.28383,0.37007326
51,113.25467681884766,images/AtypicalFaces/rbg_images/CleanedBlackMenLongHair/62_cropped.png,black,long,83.669075,66.659874,50.156868,0.27092642
52,123.75480651855467,images/AtypicalFaces/rbg_images/CleanedBlackMenLongHair/71_cropped.png,black,long,107.99335,96.49322,90.46446,0.38628972
53,147.1382293701172,images/AtypicalFaces/rbg_images/CleanedBlackMenLongHair/99_locs_cropped.png,black,long,139.64693,121.36942,106.9376,0.48711756
54,164.6588897705078,images/AtypicalFaces/rbg_images/CleanedBlackMenLongHair/12_cropped.png,black,long,111.05928,82.93707,73.403694,0.3459994
55,99.89917755126952,images/AtypicalFaces/rbg_images/CleanedBlackMenLongHair/256_cropped.png,black,long,81.98376,74.29114,66.35539,0.29550752
56,109.7399444580078,images/AtypicalFaces/rbg_images/CleanedBlackMenLongHair/31_cropped.png,black,long,79.23902,64.08741,53.7188,0.2610252
57,104.67565155029295,images/AtypicalFaces/rbg_images/CleanedBlackMenLongHair/25_locs_cropped.png,black,long,110.50843,97.70657,90.13312,0.3916965
58,159.96731567382812,images/AtypicalFaces/rbg_images/CleanedBlackMenLongHair/158_locs_cropped.png,black,long,164.3937,135.2466,120.288765,0.55045426
59,97.56375122070312,images/AtypicalFaces/rbg_images/CleanedBlackMenLongHair/72_locs_cropped.png,black,long,133.283,125.93936,125.5601,0.49989718
60,156.9486083984375,images/AtypicalFaces/rbg_images/CleanedBlackMenLongHair/65_locs_cropped.png,black,long,130.52832,139.96439,146.30406,0.54280454
61,105.79256439208984,images/AtypicalFaces/rbg_images/CleanedBlackMenLongHair/73_cropped.png,black,long,132.34404,121.38923,113.232124,0.48286393
62,71.81743621826172,images/AtypicalFaces/rbg_images/CleanedBlackMenLongHair/89_cropped.png,black,long,81.218155,57.35945,27.323244,0.23633656
63,121.32857513427734,images/AtypicalFaces/rbg_images/CleanedBlackMenLongHair/220_locs_cropped.png,black,long,125.567825,105.654205,94.60418,0.4278109
64,154.1565704345703,images/AtypicalFaces/rbg_images/CleanedBlackMenLongHair/79_cropped.png,black,long,177.91336,162.27583,159.53958,0.64864326
65,125.70215606689452,images/AtypicalFaces/rbg_images/CleanedBlackMenLongHair/115_locs_cropped.png,black,long,137.41563,147.31592,133.25102,0.56547207
66,146.07632446289062,images/AtypicalFaces/rbg_images/CleanedBlackMenLongHair/268_cropped.png,black,long,130.20923,109.88572,93.91991,0.44335574
67,140.30279541015625,images/AtypicalFaces/rbg_images/CleanedBlackMenLongHair/105_locs_cropped.png,black,long,144.85393,123.86181,113.63803,0.5003466
68,105.38619995117188,images/AtypicalFaces/rbg_images/CleanedBlackMenLongHair/169_locs_cropped.png,black,long,129.47482,119.09453,111.08718,0.47342837
69,72.9433822631836,images/AtypicalFaces/rbg_images/CleanedBlackMenLongHair/21_cropped.png,black,long,45.304813,33.011623,34.08014,0.14001232
70,97.55316925048828,images/AtypicalFaces/rbg_images/CleanedBlackMenLongHair/248_locs_cropped.png,black,long,67.68032,54.241474,55.80997,0.22436364
71,163.32406616210938,images/AtypicalFaces/rbg_images/CleanedBlackMenLongHair/6_locs_cropped.png,black,long,125.26109,108.68621,105.40858,0.43911633
72,114.46674346923828,images/AtypicalFaces/rbg_images/CleanedBlackMenLongHair/310_locs_cropped.png,black,long,113.50473,110.85261,117.687096,0.43886226
73,55.306278228759766,images/AtypicalFaces/rbg_images/CleanedBlackMenLongHair/30_cropped.png,black,long,79.02482,74.858734,68.391785,0.29520798
74,167.32595825195312,images/AtypicalFaces/rbg_images/CleanedBlackMenLongHair/5_locs_cropped.png,black,long,161.47432,136.53317,126.809425,0.55347323
75,140.09739685058594,images/AtypicalFaces/rbg_images/CleanedBlackMenLongHair/56_cropped.png,black,long,70.53184,67.578735,97.19872,0.2758605
76,121.29505920410156,images/AtypicalFaces/rbg_images/CleanedBlackMenLongHair/108_locs_cropped.png,black,long,119.56552,118.53851,86.92761,0.45676705
77,138.63255310058594,images/AtypicalFaces/rbg_images/CleanedBlackMenLongHair/19_locs_cropped.png,black,long,130.43457,116.73178,112.96586,0.46813414
78,108.3731689453125,images/AtypicalFaces/rbg_images/CleanedBlackMenLongHair/1_locs_cropped.png,black,long,82.40303,69.81785,69.184364,0.28411233
79,126.88774871826172,images/AtypicalFaces/rbg_images/CleanedBlackMenLongHair/77_locs_cropped.png,black,long,116.70546,94.78074,76.418655,0.38477772
80,77.65289306640625,images/AtypicalFaces/rbg_images/CleanedBlackMenLongHair/19_cropped.png,black,long,79.913315,60.52924,50.20007,0.25061265
81,131.2056121826172,images/AtypicalFaces/rbg_images/CleanedBlackMenLongHair/3_cropped.png,black,long,93.8129,82.18981,73.82923,0.3296405
82,111.65576171875,images/AtypicalFaces/rbg_images/CleanedBlackMenLongHair/307_locs_cropped.png,black,long,187.67464,140.27248,73.48838,0.57072073
83,105.25476837158205,images/AtypicalFaces/rbg_images/CleanedBlackMenLongHair/199_locs_cropped.png,black,long,65.88357,107.54077,122.44662,0.3912048
84,99.668212890625,images/AtypicalFaces/rbg_images/CleanedBlackMenLongHair/58_cropped.png,black,long,77.90508,77.6297,71.07183,0.30280384
85,136.5791473388672,images/AtypicalFaces/rbg_images/CleanedBlackMenLongHair/156_cropped.png,black,long,140.81671,139.501,142.25415,0.5489392
86,166.39932250976562,images/AtypicalFaces/rbg_images/CleanedBlackMenLongHair/210_locs_cropped.png,black,long,167.11792,144.56192,114.01938,0.5770773
87,143.17601013183594,images/AtypicalFaces/rbg_images/CleanedBlackMenLongHair/84_locs_cropped.png,black,long,140.70677,124.89955,115.864174,0.5004284
88,142.84934997558594,images/AtypicalFaces/rbg_images/CleanedBlackMenLongHair/257_locs_cropped.png,black,long,159.40977,148.55093,148.25764,0.591526
89,100.18265533447266,images/AtypicalFaces/rbg_images/CleanedBlackMenLongHair/219_cropped.png,black,long,122.29648,115.65856,117.03267,0.4594879
90,112.23171997070312,images/AtypicalFaces/rbg_images/CleanedBlackMenLongHair/11_cropped.png,black,long,87.78133,67.00471,62.893147,0.2789277
91,178.55294799804688,images/AtypicalFaces/rbg_images/CleanedBlackMenLongHair/34_cropped.png,black,long,118.42863,95.31287,90.64417,0.3917333
92,41.68130874633789,images/AtypicalFaces/rbg_images/CleanedBlackMenLongHair/295_locs_cropped.png,black,long,68.789856,54.67869,50.229347,0.22493577
93,143.5685272216797,images/AtypicalFaces/rbg_images/CleanedBlackMenLongHair/4_cropped.png,black,long,129.14851,115.4768,80.51794,0.4543586
94,129.59312438964844,images/AtypicalFaces/rbg_images/CleanedBlackMenLongHair/193_cropped.png,black,long,123.39013,92.910835,63.635765,0.38149086
95,115.77020263671876,images/AtypicalFaces/rbg_images/CleanedBlackMenLongHair/162_locs_cropped.png,black,long,121.487206,106.03262,102.08546,0.42758632
96,49.49036407470703,images/AtypicalFaces/rbg_images/CleanedBlackMenLongHair/237_locs_cropped.png,black,long,47.816177,44.873043,36.258102,0.17598915
97,126.04865264892578,images/AtypicalFaces/rbg_images/CleanedBlackMenLongHair/1_cropped.png,black,long,99.18786,84.48021,86.10295,0.3440204
98,120.5224151611328,images/AtypicalFaces/rbg_images/CleanedBlackMenLongHair/76_locs_cropped.png,black,long,105.83808,92.212524,86.26973,0.37129968
99,78.26116180419922,images/AtypicalFaces/rbg_images/CleanedBlackMenLongHair/188_locs_cropped.png,black,long,93.37896,87.676895,83.40732,0.34737813
0,123.86438751220705,images/AtypicalFaces/rbg_images/CleanedWhiteMenLongHair/32_cropped.png,white,long,102.75012,88.72052,81.30001,0.35752422
1,152.3396453857422,images/AtypicalFaces/rbg_images/CleanedWhiteMenLongHair/6_cropped.png,white,long,156.96443,140.27054,131.34322,0.56147677
2,163.53338623046875,images/AtypicalFaces/rbg_images/CleanedWhiteMenLongHair/272_cropped.png,white,long,164.87462,149.60683,142.26224,0.5973482
3,159.58554077148438,images/AtypicalFaces/rbg_images/CleanedWhiteMenLongHair/76_cropped.png,white,long,176.17065,168.05797,142.84818,0.65868205
4,116.7492904663086,images/AtypicalFaces/rbg_images/CleanedWhiteMenLongHair/557_cropped.png,white,long,76.092285,64.24528,51.989227,0.25835407
5,165.25967407226562,images/AtypicalFaces/rbg_images/CleanedWhiteMenLongHair/130_cropped.png,white,long,168.36769,152.48183,135.95395,0.6065392
6,170.67727661132812,images/AtypicalFaces/rbg_images/CleanedWhiteMenLongHair/376_cropped.png,white,long,123.96653,103.76725,93.42335,0.42084914
7,146.44081115722656,images/AtypicalFaces/rbg_images/CleanedWhiteMenLongHair/498_cropped.png,white,long,125.158035,102.61325,75.53538,0.41354382
8,113.92144012451172,images/AtypicalFaces/rbg_images/CleanedWhiteMenLongHair/545_cropped.png,white,long,102.00412,89.0231,85.94847,0.35906625
9,167.0650177001953,images/AtypicalFaces/rbg_images/CleanedWhiteMenLongHair/162_cropped.png,white,long,167.16487,148.297,138.29051,0.5944607
10,142.2468719482422,images/AtypicalFaces/rbg_images/CleanedWhiteMenLongHair/42_cropped.png,white,long,148.13974,159.77698,170.51295,0.6199093
11,92.6964340209961,images/AtypicalFaces/rbg_images/CleanedWhiteMenLongHair/623_cropped.png,white,long,96.09359,79.22343,73.320915,0.32307935
12,161.8700408935547,images/AtypicalFaces/rbg_images/CleanedWhiteMenLongHair/702_cropped.png,white,long,143.24936,123.98922,124.458176,0.502428
13,152.40066528320312,images/AtypicalFaces/rbg_images/CleanedWhiteMenLongHair/35_cropped.png,white,long,132.09828,99.60551,80.6835,0.41235378
14,148.3076629638672,images/AtypicalFaces/rbg_images/CleanedWhiteMenLongHair/161_cropped.png,white,long,182.18834,164.04547,148.71632,0.65410835
15,159.36643981933594,images/AtypicalFaces/rbg_images/CleanedWhiteMenLongHair/187_cropped.png,white,long,135.15976,117.242874,111.80648,0.47318017
16,144.28994750976562,images/AtypicalFaces/rbg_images/CleanedWhiteMenLongHair/74_cropped.png,white,long,181.8733,167.0336,163.81216,0.66649824
17,174.94911193847656,images/AtypicalFaces/rbg_images/CleanedWhiteMenLongHair/167_cropped.png,white,long,191.9617,180.24442,176.368,0.7155159
18,141.559326171875,images/AtypicalFaces/rbg_images/CleanedWhiteMenLongHair/568_cropped.png,white,long,141.58192,58.003548,36.865135,0.29118705
19,143.98312377929688,images/AtypicalFaces/rbg_images/CleanedWhiteMenLongHair/233_cropped.png,white,long,191.75368,178.64203,175.47827,0.7105968
20,166.64320373535156,images/AtypicalFaces/rbg_images/CleanedWhiteMenLongHair/389_cropped.png,white,long,139.27715,121.88354,105.45539,0.48783156
21,171.83486938476562,images/AtypicalFaces/rbg_images/CleanedWhiteMenLongHair/707_cropped.png,white,long,196.7191,189.30916,183.39514,0.7468951
22,115.10050201416016,images/AtypicalFaces/rbg_images/CleanedWhiteMenLongHair/565_cropped.png,white,long,110.865395,99.36704,86.09902,0.39550927
23,86.94503784179688,images/AtypicalFaces/rbg_images/CleanedWhiteMenLongHair/280_cropped.png,white,long,89.503136,71.94241,74.50163,0.29749715
24,148.40760803222656,images/AtypicalFaces/rbg_images/CleanedWhiteMenLongHair/57_cropped.png,white,long,117.142784,98.38085,79.80307,0.39619702
25,164.34678649902344,images/AtypicalFaces/rbg_images/CleanedWhiteMenLongHair/194_cropped.png,white,long,149.96472,127.50197,118.28993,0.5161346
26,99.1230926513672,images/AtypicalFaces/rbg_images/CleanedWhiteMenLongHair/821_cropped.png,white,long,71.90676,53.964973,41.420063,0.22304049
27,177.07164001464844,images/AtypicalFaces/rbg_images/CleanedWhiteMenLongHair/41_cropped.png,white,long,146.58917,108.44289,70.516655,0.44634667
28,164.54750061035156,images/AtypicalFaces/rbg_images/CleanedWhiteMenLongHair/183_cropped.png,white,long,154.1453,139.96957,135.08087,0.5593392
29,149.9062042236328,images/AtypicalFaces/rbg_images/CleanedWhiteMenLongHair/191_cropped.png,white,long,184.33705,167.89554,159.3026,0.66969424
30,111.97101593017578,images/AtypicalFaces/rbg_images/CleanedWhiteMenLongHair/774_cropped.png,white,long,118.468994,94.19237,75.27796,0.3842755
31,144.6978759765625,images/AtypicalFaces/rbg_images/CleanedWhiteMenLongHair/20_cropped.png,white,long,107.024055,103.51365,121.85347,0.41405413
32,175.9840545654297,images/AtypicalFaces/rbg_images/CleanedWhiteMenLongHair/742_cropped.png,white,long,206.3425,185.90219,179.30135,0.7442073
33,155.4420166015625,images/AtypicalFaces/rbg_images/CleanedWhiteMenLongHair/153_cropped.png,white,long,144.13898,117.72623,98.868034,0.47836265
34,139.92832946777344,images/AtypicalFaces/rbg_images/CleanedWhiteMenLongHair/26_cropped.png,white,long,108.654,80.70339,71.9306,0.337312
35,117.24903106689452,images/AtypicalFaces/rbg_images/CleanedWhiteMenLongHair/819_cropped.png,white,long,62.623264,44.19315,36.787464,0.18658134
36,146.91114807128906,images/AtypicalFaces/rbg_images/CleanedWhiteMenLongHair/65_cropped.png,white,long,128.58827,114.51333,113.36039,0.46048415
37,138.59718322753906,images/AtypicalFaces/rbg_images/CleanedWhiteMenLongHair/231_cropped.png,white,long,147.07161,123.222145,105.626526,0.49813482
38,160.13241577148438,images/AtypicalFaces/rbg_images/CleanedWhiteMenLongHair/346_cropped.png,white,long,166.53091,158.31229,156.74512,0.62724334
39,174.0328826904297,images/AtypicalFaces/rbg_images/CleanedWhiteMenLongHair/260_cropped.png,white,long,76.162285,67.267395,44.523396,0.2647752
40,132.4106903076172,images/AtypicalFaces/rbg_images/CleanedWhiteMenLongHair/372_cropped.png,white,long,179.01459,168.2681,167.34877,0.6685774
41,126.2116470336914,images/AtypicalFaces/rbg_images/CleanedWhiteMenLongHair/49_cropped.png,white,long,115.87873,97.73912,93.60818,0.39725
42,169.92303466796875,images/AtypicalFaces/rbg_images/CleanedWhiteMenLongHair/224_cropped.png,white,long,196.00314,174.15152,166.36424,0.69896764
43,181.0823516845703,images/AtypicalFaces/rbg_images/CleanedWhiteMenLongHair/503_cropped.png,white,long,154.11635,140.44327,136.49901,0.561045
44,160.76722717285156,images/AtypicalFaces/rbg_images/CleanedWhiteMenLongHair/8_cropped.png,white,long,83.84129,61.96636,58.922592,0.26038772
45,152.8809356689453,images/AtypicalFaces/rbg_images/CleanedWhiteMenLongHair/644_cropped.png,white,long,115.989975,96.00254,88.599785,0.39105502
46,130.1760711669922,images/AtypicalFaces/rbg_images/CleanedWhiteMenLongHair/495_cropped.png,white,long,128.61699,111.508415,103.76963,0.4493663
47,126.07022857666016,images/AtypicalFaces/rbg_images/CleanedWhiteMenLongHair/635_cropped.png,white,long,125.854256,105.0791,88.527565,0.42471716
48,174.2021942138672,images/AtypicalFaces/rbg_images/CleanedWhiteMenLongHair/116_cropped.png,white,long,171.31331,156.11641,146.46854,0.622165
49,155.34783935546875,images/AtypicalFaces/rbg_images/CleanedWhiteMenLongHair/164_cropped.png,white,long,185.61737,178.65804,179.7419,0.7067306
50,149.59420776367188,images/AtypicalFaces/rbg_images/CleanedWhiteMenLongHair/196_cropped.png,white,long,141.84378,125.33592,117.053215,0.5029369
51,173.08714294433594,images/AtypicalFaces/rbg_images/CleanedWhiteMenLongHair/139_cropped.png,white,long,180.47626,173.44801,173.3518,0.6860226
52,89.3757553100586,images/AtypicalFaces/rbg_images/CleanedWhiteMenLongHair/210_cropped.png,white,long,87.22124,71.086914,56.149193,0.28800073
53,181.67156982421875,images/AtypicalFaces/rbg_images/CleanedWhiteMenLongHair/181_cropped.png,white,long,163.68599,133.4279,119.4881,0.5445369
54,166.99044799804688,images/AtypicalFaces/rbg_images/CleanedWhiteMenLongHair/744_cropped.png,white,long,197.29549,156.26872,38.553078,0.6137197
55,160.54319763183594,images/AtypicalFaces/rbg_images/CleanedWhiteMenLongHair/270_cropped.png,white,long,160.07454,146.32652,140.03207,0.58351403
56,173.65623474121094,images/AtypicalFaces/rbg_images/CleanedWhiteMenLongHair/12_cropped.png,white,long,138.76187,125.62353,126.90158,0.50396043
57,112.29095458984376,images/AtypicalFaces/rbg_images/CleanedWhiteMenLongHair/703_cropped.png,white,long,110.83323,100.559006,101.831375,0.40327793
58,198.700439453125,images/AtypicalFaces/rbg_images/CleanedWhiteMenLongHair/631_cropped.png,white,long,236.27574,207.15555,190.23938,0.83187354
59,123.96363830566406,images/AtypicalFaces/rbg_images/CleanedWhiteMenLongHair/749_cropped.png,white,long,86.693695,60.326527,60.614033,0.2586463
60,147.5842742919922,images/AtypicalFaces/rbg_images/CleanedWhiteMenLongHair/129_cropped.png,white,long,170.55608,157.46098,147.49081,0.62559384
61,160.30845642089844,images/AtypicalFaces/rbg_images/CleanedWhiteMenLongHair/55_cropped.png,white,long,175.03075,157.64845,149.57443,0.630441
62,145.31358337402344,images/AtypicalFaces/rbg_images/CleanedWhiteMenLongHair/536_cropped.png,white,long,164.00179,162.20375,162.01859,0.6375404
63,121.15351104736328,images/AtypicalFaces/rbg_images/CleanedWhiteMenLongHair/84_cropped.png,white,long,83.13119,68.55962,66.54645,0.28044426
64,181.6446075439453,images/AtypicalFaces/rbg_images/CleanedWhiteMenLongHair/50_cropped.png,white,long,159.48311,126.56665,99.750145,0.5162028
65,85.63872528076172,images/AtypicalFaces/rbg_images/CleanedWhiteMenLongHair/410_cropped.png,white,long,110.92629,102.135376,98.88078,0.4069414
66,110.56784057617188,images/AtypicalFaces/rbg_images/CleanedWhiteMenLongHair/773_cropped.png,white,long,154.91594,145.41309,141.17545,0.57697356
67,189.4447326660156,images/AtypicalFaces/rbg_images/CleanedWhiteMenLongHair/169_cropped.png,white,long,188.72736,148.51286,137.30536,0.6127705
68,147.51651000976562,images/AtypicalFaces/rbg_images/CleanedWhiteMenLongHair/79_cropped.png,white,long,144.77362,116.199844,102.66683,0.47568622
69,186.4860382080078,images/AtypicalFaces/rbg_images/CleanedWhiteMenLongHair/112_cropped.png,white,long,114.91664,86.22211,75.06294,0.35889906
70,149.96621704101562,images/AtypicalFaces/rbg_images/CleanedWhiteMenLongHair/308_cropped.png,white,long,168.48045,149.88441,126.603,0.5967023
71,190.99078369140625,images/AtypicalFaces/rbg_images/CleanedWhiteMenLongHair/329_cropped.png,white,long,140.36748,109.84931,114.83301,0.45764437
72,136.6051483154297,images/AtypicalFaces/rbg_images/CleanedWhiteMenLongHair/597_cropped.png,white,long,129.00055,107.963745,98.09687,0.4381395
73,149.98208618164062,images/AtypicalFaces/rbg_images/CleanedWhiteMenLongHair/419_cropped.png,white,long,171.4239,153.78372,144.5034,0.6151589
74,164.1826171875,images/AtypicalFaces/rbg_images/CleanedWhiteMenLongHair/7_cropped.png,white,long,115.10009,94.708626,84.59705,0.38555124
75,154.68618774414062,images/AtypicalFaces/rbg_images/CleanedWhiteMenLongHair/326_cropped.png,white,long,178.23373,160.47865,150.12285,0.641205
76,139.6631622314453,images/AtypicalFaces/rbg_images/CleanedWhiteMenLongHair/177_cropped.png,white,long,125.444336,99.59704,88.2857,0.40893212
77,143.63804626464844,images/AtypicalFaces/rbg_images/CleanedWhiteMenLongHair/87_cropped.png,white,long,125.23978,114.92109,102.540016,0.45577276
78,181.7169647216797,images/AtypicalFaces/rbg_images/CleanedWhiteMenLongHair/21_cropped.png,white,long,168.62277,147.39326,138.98643,0.5933391
79,160.42359924316406,images/AtypicalFaces/rbg_images/CleanedWhiteMenLongHair/151_cropped.png,white,long,144.58746,115.65201,94.99616,0.47182363
80,187.58518981933597,images/AtypicalFaces/rbg_images/CleanedWhiteMenLongHair/784_cropped.png,white,long,150.48376,132.66672,123.78826,0.53260845
81,123.75029754638672,images/AtypicalFaces/rbg_images/CleanedWhiteMenLongHair/319_cropped.png,white,long,163.21037,129.174,108.1421,0.5289988
82,48.269657135009766,images/AtypicalFaces/rbg_images/CleanedWhiteMenLongHair/367_cropped.png,white,long,51.284008,39.00726,30.401527,0.16077293
83,154.1146240234375,images/AtypicalFaces/rbg_images/CleanedWhiteMenLongHair/72_cropped.png,white,long,82.33279,67.65041,50.840794,0.27278352
84,122.64398956298828,images/AtypicalFaces/rbg_images/CleanedWhiteMenLongHair/402_cropped.png,white,long,140.7786,133.39139,119.75098,0.525404
85,156.20980834960938,images/AtypicalFaces/rbg_images/CleanedWhiteMenLongHair/30_cropped.png,white,long,168.6495,127.11898,106.60197,0.5273358
86,143.50144958496094,images/AtypicalFaces/rbg_images/CleanedWhiteMenLongHair/133_cropped.png,white,long,94.67621,84.58349,66.54594,0.3350124
87,160.2579345703125,images/AtypicalFaces/rbg_images/CleanedWhiteMenLongHair/711_cropped.png,white,long,140.80486,126.834656,124.20759,0.50829846
88,168.58377075195312,images/AtypicalFaces/rbg_images/CleanedWhiteMenLongHair/775_cropped.png,white,long,199.57196,187.39517,183.51303,0.7439398
89,171.28900146484375,images/AtypicalFaces/rbg_images/CleanedWhiteMenLongHair/199_cropped.png,white,long,162.41615,154.7776,121.02143,0.6037881
90,148.1857147216797,images/AtypicalFaces/rbg_images/CleanedWhiteMenLongHair/3_cropped.png,white,long,118.86205,101.976875,91.90714,0.41114178
91,137.23435974121094,images/AtypicalFaces/rbg_images/CleanedWhiteMenLongHair/25_cropped.png,white,long,94.85001,83.53248,75.73062,0.33480918
92,192.7379150390625,images/AtypicalFaces/rbg_images/CleanedWhiteMenLongHair/4_cropped.png,white,long,195.12546,168.29607,135.97137,0.6732121
93,107.38976287841795,images/AtypicalFaces/rbg_images/CleanedWhiteMenLongHair/610_cropped.png,white,long,141.66916,139.12729,142.7315,0.54873717
94,98.41881561279295,images/AtypicalFaces/rbg_images/CleanedWhiteMenLongHair/694_cropped.png,white,long,105.773186,91.9864,86.78102,0.37075597
95,128.47543334960938,images/AtypicalFaces/rbg_images/CleanedWhiteMenLongHair/305_cropped.png,white,long,158.2271,130.69737,97.362144,0.5260643
96,191.74713134765625,images/AtypicalFaces/rbg_images/CleanedWhiteMenLongHair/362_cropped.png,white,long,194.16956,164.3127,127.143555,0.6587448
97,183.3690643310547,images/AtypicalFaces/rbg_images/CleanedWhiteMenLongHair/539_cropped.png,white,long,201.96844,174.93016,169.47673,0.7070073
98,129.89537048339844,images/AtypicalFaces/rbg_images/CleanedWhiteMenLongHair/501_cropped.png,white,long,124.299225,99.25727,85.222115,0.40615708
99,126.02654266357422,images/AtypicalFaces/rbg_images/CleanedWhiteMenLongHair/664_cropped.png,white,long,142.25424,135.9901,135.8257,0.5384723
0,190.24002075195312,images/AtypicalFaces/rbg_images/CleanedAsianMenShortHair/87_buzz_cropped.png,asian,short,207.07903,187.59106,162.2456,0.7447311
1,168.61077880859375,images/AtypicalFaces/rbg_images/CleanedAsianMenShortHair/28_cropped.png,asian,short,133.04071,114.73,103.795685,0.46209818
2,181.3227081298828,images/AtypicalFaces/rbg_images/CleanedAsianMenShortHair/6_cropped.png,asian,short,201.03195,188.6106,182.42867,0.74825937
3,178.11988830566406,images/AtypicalFaces/rbg_images/CleanedAsianMenShortHair/2_cropped.png,asian,short,145.22452,116.6702,107.26302,0.47868222
4,177.92420959472656,images/AtypicalFaces/rbg_images/CleanedAsianMenShortHair/120_buzz_cropped.png,asian,short,147.89877,124.12998,111.83349,0.50312746
5,163.99615478515625,images/AtypicalFaces/rbg_images/CleanedAsianMenShortHair/114_buzz_cropped.png,asian,short,169.4944,146.44525,131.74944,0.58935905
6,181.64573669433597,images/AtypicalFaces/rbg_images/CleanedAsianMenShortHair/162_cropped.png,asian,short,166.5535,130.00757,119.16983,0.53724587
7,148.0990447998047,images/AtypicalFaces/rbg_images/CleanedAsianMenShortHair/13_buzz_cropped.png,asian,short,151.17712,127.67972,103.3212,0.5134079
8,151.82156372070312,images/AtypicalFaces/rbg_images/CleanedAsianMenShortHair/124_cropped.png,asian,short,170.9034,157.63795,149.67152,0.6269968
9,153.46743774414062,images/AtypicalFaces/rbg_images/CleanedAsianMenShortHair/148_cropped.png,asian,short,189.7009,181.41302,176.42361,0.71692365
10,157.6100311279297,images/AtypicalFaces/rbg_images/CleanedAsianMenShortHair/149_cropped.png,asian,short,149.88121,127.76658,112.28737,0.5151083
11,177.9359893798828,images/AtypicalFaces/rbg_images/CleanedAsianMenShortHair/3_buzz_cropped.png,asian,short,197.5656,177.38185,161.4118,0.7079287
12,166.71351623535156,images/AtypicalFaces/rbg_images/CleanedAsianMenShortHair/15_cropped.png,asian,short,175.55334,138.50497,120.80375,0.56904554
13,185.64622497558597,images/AtypicalFaces/rbg_images/CleanedAsianMenShortHair/48_cropped.png,asian,short,196.4689,186.73514,183.2688,0.7394315
14,150.62640380859375,images/AtypicalFaces/rbg_images/CleanedAsianMenShortHair/53_cropped.png,asian,short,141.28157,96.50552,62.24176,0.40609926
15,166.65097045898438,images/AtypicalFaces/rbg_images/CleanedAsianMenShortHair/152_buzz_cropped.png,asian,short,156.72975,125.6157,108.56376,0.51373386
16,186.0387115478516,images/AtypicalFaces/rbg_images/CleanedAsianMenShortHair/77_buzz_cropped.png,asian,short,194.14278,186.74133,182.14238,0.7371902
17,183.6811370849609,images/AtypicalFaces/rbg_images/CleanedAsianMenShortHair/27_cropped.png,asian,short,185.83287,157.14494,140.87962,0.63557726
18,180.8333282470703,images/AtypicalFaces/rbg_images/CleanedAsianMenShortHair/170_cropped.png,asian,short,176.55641,112.14973,107.41106,0.49217713
19,177.26535034179688,images/AtypicalFaces/rbg_images/CleanedAsianMenShortHair/69_cropped.png,asian,short,171.54922,153.51382,145.53127,0.6147974
20,182.94189453125,images/AtypicalFaces/rbg_images/CleanedAsianMenShortHair/41_cropped.png,asian,short,143.41434,157.05243,131.79488,0.5973694
21,182.63821411132807,images/AtypicalFaces/rbg_images/CleanedAsianMenShortHair/145_cropped.png,asian,short,163.95375,148.43582,141.76797,0.5931561
22,174.1715850830078,images/AtypicalFaces/rbg_images/CleanedAsianMenShortHair/106_buzz_cropped.png,asian,short,188.05606,169.28236,167.06174,0.67888135
23,179.28228759765625,images/AtypicalFaces/rbg_images/CleanedAsianMenShortHair/134_buzz_cropped.png,asian,short,195.3491,162.56006,145.63757,0.6600472
24,164.38839721679688,images/AtypicalFaces/rbg_images/CleanedAsianMenShortHair/116_buzz_cropped.png,asian,short,139.42804,125.465996,129.28973,0.5047501
25,185.50401306152344,images/AtypicalFaces/rbg_images/CleanedAsianMenShortHair/68_cropped.png,asian,short,170.04543,152.84889,142.32745,0.6107717
26,183.18418884277344,images/AtypicalFaces/rbg_images/CleanedAsianMenShortHair/75_cropped.png,asian,short,160.01257,152.3672,144.61662,0.60170126
27,206.1233062744141,images/AtypicalFaces/rbg_images/CleanedAsianMenShortHair/144_cropped.png,asian,short,155.08916,135.5438,123.68754,0.5444896
28,186.03363037109372,images/AtypicalFaces/rbg_images/CleanedAsianMenShortHair/16_cropped.png,asian,short,186.99646,184.27599,192.88536,0.7273564
29,158.74864196777344,images/AtypicalFaces/rbg_images/CleanedAsianMenShortHair/49_cropped.png,asian,short,78.216736,49.16117,43.244026,0.21534672
30,184.16046142578125,images/AtypicalFaces/rbg_images/CleanedAsianMenShortHair/97_cropped.png,asian,short,193.61404,173.84233,172.92755,0.69796544
31,175.966796875,images/AtypicalFaces/rbg_images/CleanedAsianMenShortHair/13_cropped.png,asian,short,149.4671,139.29337,139.4305,0.55477214
32,134.91375732421875,images/AtypicalFaces/rbg_images/CleanedAsianMenShortHair/2_buzz_cropped.png,asian,short,138.01712,125.70773,126.888336,0.5035718
33,160.71556091308594,images/AtypicalFaces/rbg_images/CleanedAsianMenShortHair/1_buzz_cropped.png,asian,short,159.91109,151.43382,137.8265,0.5970771
34,151.9889373779297,images/AtypicalFaces/rbg_images/CleanedAsianMenShortHair/158_buzz_cropped.png,asian,short,131.96532,111.52307,100.58256,0.45129797
35,195.3699493408203,images/AtypicalFaces/rbg_images/CleanedAsianMenShortHair/9_buzz_cropped.png,asian,short,180.72704,161.69513,146.82654,0.6457633
36,163.24899291992188,images/AtypicalFaces/rbg_images/CleanedAsianMenShortHair/150_cropped.png,asian,short,173.40219,162.39458,150.43861,0.6426381
37,179.81240844726562,images/AtypicalFaces/rbg_images/CleanedAsianMenShortHair/33_buzz_cropped.png,asian,short,193.55821,159.32126,139.59807,0.64776105
38,176.9927215576172,images/AtypicalFaces/rbg_images/CleanedAsianMenShortHair/140_buzz_cropped.png,asian,short,122.562515,100.74835,95.86482,0.4119025
39,194.20492553710935,images/AtypicalFaces/rbg_images/CleanedAsianMenShortHair/24_buzz_cropped.png,asian,short,209.01901,189.03407,180.17699,0.7554709
40,169.37022399902344,images/AtypicalFaces/rbg_images/CleanedAsianMenShortHair/18_buzz_cropped.png,asian,short,142.35922,132.06721,129.91063,0.52588385
41,152.51173400878906,images/AtypicalFaces/rbg_images/CleanedAsianMenShortHair/58_buzz_cropped.png,asian,short,189.72789,181.33684,176.32776,0.7167054
42,178.36947631835938,images/AtypicalFaces/rbg_images/CleanedAsianMenShortHair/82_cropped.png,asian,short,111.312485,101.68304,94.913025,0.40487203
43,148.67410278320312,images/AtypicalFaces/rbg_images/CleanedAsianMenShortHair/30_buzz_cropped.png,asian,short,183.99464,166.33229,154.54181,0.66367704
44,156.40994262695312,images/AtypicalFaces/rbg_images/CleanedAsianMenShortHair/122_buzz_cropped.png,asian,short,142.46019,117.37752,114.65883,0.4804536
45,183.9339141845703,images/AtypicalFaces/rbg_images/CleanedAsianMenShortHair/155_cropped.png,asian,short,161.52637,147.65819,136.81557,0.58754927
46,142.18048095703125,images/AtypicalFaces/rbg_images/CleanedAsianMenShortHair/36_cropped.png,asian,short,81.65569,94.68584,100.59333,0.36212173
47,190.61624145507807,images/AtypicalFaces/rbg_images/CleanedAsianMenShortHair/165_cropped.png,asian,short,166.57462,144.32185,136.53644,0.58232355
48,168.56271362304688,images/AtypicalFaces/rbg_images/CleanedAsianMenShortHair/130_buzz_cropped.png,asian,short,133.83156,121.264366,116.965576,0.48481095
49,170.71739196777344,images/AtypicalFaces/rbg_images/CleanedAsianMenShortHair/50_cropped.png,asian,short,168.74893,146.43684,134.2608,0.58942443
50,124.94998931884766,images/AtypicalFaces/rbg_images/CleanedAsianMenShortHair/22_buzz_cropped.png,asian,short,74.47208,62.678196,60.855976,0.25511727
51,153.3148193359375,images/AtypicalFaces/rbg_images/CleanedAsianMenShortHair/98_buzz_cropped.png,asian,short,145.04022,112.87303,83.2759,0.46109045
52,177.647705078125,images/AtypicalFaces/rbg_images/CleanedAsianMenShortHair/97_buzz_cropped.png,asian,short,140.49985,120.030495,110.659065,0.48512715
53,157.77655029296875,images/AtypicalFaces/rbg_images/CleanedAsianMenShortHair/35_buzz_cropped.png,asian,short,137.19142,109.17971,99.29096,0.44871897
54,189.92889404296875,images/AtypicalFaces/rbg_images/CleanedAsianMenShortHair/122_cropped.png,asian,short,160.35019,146.9969,133.5931,0.5838016
55,156.0066680908203,images/AtypicalFaces/rbg_images/CleanedAsianMenShortHair/131_buzz_cropped.png,asian,short,147.83658,142.88504,147.43372,0.5657504
56,176.9584197998047,images/AtypicalFaces/rbg_images/CleanedAsianMenShortHair/15_buzz_cropped.png,asian,short,184.0099,175.86919,165.60045,0.6935662
57,166.67637634277344,images/AtypicalFaces/rbg_images/CleanedAsianMenShortHair/52_cropped.png,asian,short,190.3544,179.1172,174.43951,0.71046835
58,146.19752502441406,images/AtypicalFaces/rbg_images/CleanedAsianMenShortHair/26_buzz_cropped.png,asian,short,142.88037,123.47296,108.90281,0.4962699
59,153.50640869140625,images/AtypicalFaces/rbg_images/CleanedAsianMenShortHair/144_buzz_cropped.png,asian,short,196.54259,186.07274,177.91316,0.7361196
60,134.91400146484375,images/AtypicalFaces/rbg_images/CleanedAsianMenShortHair/70_cropped.png,asian,short,132.55528,130.62564,133.9828,0.51481694
61,158.66241455078125,images/AtypicalFaces/rbg_images/CleanedAsianMenShortHair/57_buzz_cropped.png,asian,short,112.638565,115.469986,121.18222,0.4520787
62,193.3992919921875,images/AtypicalFaces/rbg_images/CleanedAsianMenShortHair/89_cropped.png,asian,short,150.39966,128.57684,118.22072,0.5194923
63,156.06918334960938,images/AtypicalFaces/rbg_images/CleanedAsianMenShortHair/8_buzz_cropped.png,asian,short,179.21622,178.7449,182.69157,0.7024704
64,180.5794982910156,images/AtypicalFaces/rbg_images/CleanedAsianMenShortHair/79_cropped.png,asian,short,223.38788,207.15413,195.7555,0.822682
65,134.8514862060547,images/AtypicalFaces/rbg_images/CleanedAsianMenShortHair/112_cropped.png,asian,short,129.8187,107.086525,89.46832,0.4339196
66,153.57493591308594,images/AtypicalFaces/rbg_images/CleanedAsianMenShortHair/37_cropped.png,asian,short,137.0908,121.614334,102.36726,0.4843792
67,121.1881103515625,images/AtypicalFaces/rbg_images/CleanedAsianMenShortHair/164_buzz_cropped.png,asian,short,129.15202,120.53494,117.86472,0.479117
68,136.86532592773438,images/AtypicalFaces/rbg_images/CleanedAsianMenShortHair/99_buzz_cropped.png,asian,short,79.92448,91.98093,105.10742,0.35436943
69,129.3460693359375,images/AtypicalFaces/rbg_images/CleanedAsianMenShortHair/99_cropped.png,asian,short,81.48262,80.35687,75.075745,0.31456926
70,114.56279754638672,images/AtypicalFaces/rbg_images/CleanedAsianMenShortHair/46_cropped.png,asian,short,93.59845,90.22381,87.61571,0.35589513
71,164.98388671875,images/AtypicalFaces/rbg_images/CleanedAsianMenShortHair/77_cropped.png,asian,short,154.72862,125.657074,114.09861,0.51374733
72,187.3418731689453,images/AtypicalFaces/rbg_images/CleanedAsianMenShortHair/9_cropped.png,asian,short,96.14645,95.98984,93.79674,0.37594068
73,165.05496215820312,images/AtypicalFaces/rbg_images/CleanedAsianMenShortHair/491_buzz_cropped.png,asian,short,128.9704,114.79301,100.14416,0.45784682
74,166.92344665527344,images/AtypicalFaces/rbg_images/CleanedAsianMenShortHair/21_cropped.png,asian,short,140.47496,132.21048,119.18674,0.52167916
75,157.35044860839844,images/AtypicalFaces/rbg_images/CleanedAsianMenShortHair/151_cropped.png,asian,short,126.39358,102.7445,86.95141,0.41817334
76,166.68585205078125,images/AtypicalFaces/rbg_images/CleanedAsianMenShortHair/148_buzz_cropped.png,asian,short,110.78906,93.78029,75.70603,0.37683594
77,184.3781280517578,images/AtypicalFaces/rbg_images/CleanedAsianMenShortHair/28_buzz_cropped.png,asian,short,181.5897,173.7939,174.10634,0.6881348
78,171.6199493408203,images/AtypicalFaces/rbg_images/CleanedAsianMenShortHair/107_cropped.png,asian,short,155.98611,148.48752,142.56201,0.5868808
79,157.23550415039062,images/AtypicalFaces/rbg_images/CleanedAsianMenShortHair/72_cropped.png,asian,short,91.01973,84.18368,79.58198,0.334531
80,180.63169860839844,images/AtypicalFaces/rbg_images/CleanedAsianMenShortHair/64_buzz_cropped.png,asian,short,227.56903,199.1284,201.61949,0.8053204
81,140.0924835205078,images/AtypicalFaces/rbg_images/CleanedAsianMenShortHair/30_cropped.png,asian,short,104.58363,95.91734,90.12419,0.38173467
82,194.7462921142578,images/AtypicalFaces/rbg_images/CleanedAsianMenShortHair/56_cropped.png,asian,short,215.4987,199.42001,188.29204,0.7922996
83,178.79684448242188,images/AtypicalFaces/rbg_images/CleanedAsianMenShortHair/19_cropped.png,asian,short,192.99101,169.69061,149.88493,0.6792807
84,172.8719024658203,images/AtypicalFaces/rbg_images/CleanedAsianMenShortHair/4_buzz_cropped.png,asian,short,193.61334,172.5731,166.0569,0.6924608
85,178.73219299316406,images/AtypicalFaces/rbg_images/CleanedAsianMenShortHair/34_cropped.png,asian,short,144.09682,121.50136,120.78169,0.49511695
86,145.2369842529297,images/AtypicalFaces/rbg_images/CleanedAsianMenShortHair/163_cropped.png,asian,short,156.54877,135.65668,121.98743,0.5455424
87,189.0446319580078,images/AtypicalFaces/rbg_images/CleanedAsianMenShortHair/4_cropped.png,asian,short,175.55214,153.77332,160.6464,0.6231416
88,183.69337463378903,images/AtypicalFaces/rbg_images/CleanedAsianMenShortHair/44_buzz_cropped.png,asian,short,222.10442,215.47418,199.77498,0.8460833
89,162.4773406982422,images/AtypicalFaces/rbg_images/CleanedAsianMenShortHair/136_cropped.png,asian,short,183.36125,167.86795,161.23636,0.6693504
90,175.31419372558594,images/AtypicalFaces/rbg_images/CleanedAsianMenShortHair/64_cropped.png,asian,short,143.77359,119.583534,109.59979,0.48630416
91,175.295166015625,images/AtypicalFaces/rbg_images/CleanedAsianMenShortHair/151_buzz_cropped.png,asian,short,144.82498,143.30109,148.86557,0.5648108
92,183.50831604003903,images/AtypicalFaces/rbg_images/CleanedAsianMenShortHair/160_cropped.png,asian,short,104.383934,79.61961,77.662,0.33233327
93,159.56832885742188,images/AtypicalFaces/rbg_images/CleanedAsianMenShortHair/61_buzz_cropped.png,asian,short,129.29507,145.71342,147.19939,0.55815285
94,165.18040466308594,images/AtypicalFaces/rbg_images/CleanedAsianMenShortHair/80_buzz_cropped.png,asian,short,187.24202,181.72029,173.29547,0.7148494
95,164.0998077392578,images/AtypicalFaces/rbg_images/CleanedAsianMenShortHair/1_cropped.png,asian,short,128.9182,106.69773,97.27278,0.43428707
96,182.1349639892578,images/AtypicalFaces/rbg_images/CleanedAsianMenShortHair/150_buzz_cropped.png,asian,short,196.77086,180.69801,170.88017,0.71924585
97,142.4940948486328,images/AtypicalFaces/rbg_images/CleanedAsianMenShortHair/138_buzz_cropped.png,asian,short,104.09173,87.582115,77.64954,0.3544173
98,171.20504760742188,images/AtypicalFaces/rbg_images/CleanedAsianMenShortHair/95_cropped.png,asian,short,128.95857,104.69537,85.50425,0.42537433
99,133.94296264648438,images/AtypicalFaces/rbg_images/CleanedAsianMenShortHair/67_cropped.png,asian,short,93.86693,68.476494,61.425804,0.28771555
0,165.546630859375,images/AtypicalFaces/rbg_images/CleanedBlackMenShortHair/290_buzz_cropped.png,black,short,166.65805,153.32544,148.58998,0.6110555
1,166.0273895263672,images/AtypicalFaces/rbg_images/CleanedBlackMenShortHair/2_cropped.png,black,short,126.30584,109.89806,103.42539,0.44282514
2,137.27423095703125,images/AtypicalFaces/rbg_images/CleanedBlackMenShortHair/190_buzz_cropped.png,black,short,146.12823,107.684875,83.41674,0.44748726
3,176.49098205566406,images/AtypicalFaces/rbg_images/CleanedBlackMenShortHair/105_cropped.png,black,short,140.09398,109.99536,133.31453,0.4630565
4,127.40890502929688,images/AtypicalFaces/rbg_images/CleanedBlackMenShortHair/249_buzz_cropped.png,black,short,122.712746,116.69778,112.341866,0.4614221
5,133.35995483398438,images/AtypicalFaces/rbg_images/CleanedBlackMenShortHair/261_buzz_cropped.png,black,short,156.04614,64.75264,87.36691,0.3364713
6,129.98785400390625,images/AtypicalFaces/rbg_images/CleanedBlackMenShortHair/213_buzz_cropped.png,black,short,174.29327,138.4986,108.45933,0.564483
7,163.9245147705078,images/AtypicalFaces/rbg_images/CleanedBlackMenShortHair/114_cropped.png,black,short,155.324,129.14832,112.093124,0.5234678
8,158.6704864501953,images/AtypicalFaces/rbg_images/CleanedBlackMenShortHair/33_cropped.png,black,short,69.80451,48.14315,44.60504,0.205861
9,150.8015899658203,images/AtypicalFaces/rbg_images/CleanedBlackMenShortHair/90_cropped.png,black,short,167.89502,154.68785,150.85251,0.61654836
10,90.34076690673828,images/AtypicalFaces/rbg_images/CleanedBlackMenShortHair/23_cropped.png,black,short,95.98053,94.13679,70.01138,0.36387372
11,141.81666564941406,images/AtypicalFaces/rbg_images/CleanedBlackMenShortHair/59_cropped.png,black,short,154.76418,135.04669,123.46703,0.5427621
12,176.7443084716797,images/AtypicalFaces/rbg_images/CleanedBlackMenShortHair/42_cropped.png,black,short,194.38893,181.5044,174.7625,0.7206196
13,160.6199951171875,images/AtypicalFaces/rbg_images/CleanedBlackMenShortHair/221_buzz_cropped.png,black,short,138.92108,135.49107,145.7039,0.53708863
14,126.04544830322266,images/AtypicalFaces/rbg_images/CleanedBlackMenShortHair/227_buzz_cropped.png,black,short,101.77406,79.171265,73.86156,0.3278237
15,161.96620178222656,images/AtypicalFaces/rbg_images/CleanedBlackMenShortHair/124_cropped.png,black,short,197.15999,160.37137,103.621185,0.6435279
16,116.92362213134766,images/AtypicalFaces/rbg_images/CleanedBlackMenShortHair/14_buzz_cropped.png,black,short,120.47511,88.76269,92.99513,0.3757351
17,89.08048248291016,images/AtypicalFaces/rbg_images/CleanedBlackMenShortHair/380_cropped.png,black,short,103.46334,85.1525,80.4983,0.34788552
18,155.2662811279297,images/AtypicalFaces/rbg_images/CleanedBlackMenShortHair/271_buzz_cropped.png,black,short,155.1837,145.12256,140.20715,0.57610786
19,148.12220764160156,images/AtypicalFaces/rbg_images/CleanedBlackMenShortHair/179_buzz_cropped.png,black,short,109.44454,91.61971,76.71191,0.36993983
20,120.83865356445312,images/AtypicalFaces/rbg_images/CleanedBlackMenShortHair/18_cropped.png,black,short,133.7694,111.32425,62.19117,0.4413797
21,136.55859375,images/AtypicalFaces/rbg_images/CleanedBlackMenShortHair/51_buzz_cropped.png,black,short,117.18409,101.71745,101.96771,0.4118621
22,162.51707458496094,images/AtypicalFaces/rbg_images/CleanedBlackMenShortHair/214_buzz_cropped.png,black,short,159.62495,132.50998,110.906364,0.5361469
23,186.4884033203125,images/AtypicalFaces/rbg_images/CleanedBlackMenShortHair/21_buzz_cropped.png,black,short,170.67876,146.42735,139.40085,0.592462
24,171.00526428222656,images/AtypicalFaces/rbg_images/CleanedBlackMenShortHair/284_cropped.png,black,short,170.20091,146.32169,132.2748,0.5897504
25,147.63333129882812,images/AtypicalFaces/rbg_images/CleanedBlackMenShortHair/241_buzz_cropped.png,black,short,100.17864,74.43149,61.503727,0.3097027
26,120.53663635253906,images/AtypicalFaces/rbg_images/CleanedBlackMenShortHair/183_cropped.png,black,short,113.941696,101.75997,92.499886,0.4065976
27,118.24785614013672,images/AtypicalFaces/rbg_images/CleanedBlackMenShortHair/191_cropped.png,black,short,108.28819,101.94715,96.501465,0.40354007
28,120.92437744140624,images/AtypicalFaces/rbg_images/CleanedBlackMenShortHair/223_buzz_cropped.png,black,short,77.63315,69.36919,63.81547,0.27735645
29,94.42789459228516,images/AtypicalFaces/rbg_images/CleanedBlackMenShortHair/5_buzz_cropped.png,black,short,134.11514,104.53165,90.74237,0.4306982
30,146.2731170654297,images/AtypicalFaces/rbg_images/CleanedBlackMenShortHair/20_cropped.png,black,short,158.77011,148.6083,160.31248,0.59456515
31,172.99661254882812,images/AtypicalFaces/rbg_images/CleanedBlackMenShortHair/134_buzz_cropped.png,black,short,148.72112,140.03003,135.5653,0.5551223
32,165.3527374267578,images/AtypicalFaces/rbg_images/CleanedBlackMenShortHair/310_cropped.png,black,short,160.18831,106.38742,80.25827,0.4546807
33,127.13567352294922,images/AtypicalFaces/rbg_images/CleanedBlackMenShortHair/220_buzz_cropped.png,black,short,118.39942,113.82394,108.15456,0.4485799
34,161.3482666015625,images/AtypicalFaces/rbg_images/CleanedBlackMenShortHair/184_buzz_cropped.png,black,short,153.85535,119.297485,97.45632,0.49047327
35,159.37416076660156,images/AtypicalFaces/rbg_images/CleanedBlackMenShortHair/174_cropped.png,black,short,120.51144,100.75362,108.09577,0.4136683
36,122.86036682128906,images/AtypicalFaces/rbg_images/CleanedBlackMenShortHair/89_buzz_cropped.png,black,short,108.48233,120.120445,49.82878,0.4414607
37,133.40611267089844,images/AtypicalFaces/rbg_images/CleanedBlackMenShortHair/260_cropped.png,black,short,142.90494,98.181435,74.356285,0.41558194
38,157.93885803222656,images/AtypicalFaces/rbg_images/CleanedBlackMenShortHair/121_cropped.png,black,short,176.32112,145.46144,122.48037,0.5896701
39,169.60928344726562,images/AtypicalFaces/rbg_images/CleanedBlackMenShortHair/231_buzz_cropped.png,black,short,199.42207,182.14157,172.36243,0.7259251
40,137.66897583007812,images/AtypicalFaces/rbg_images/CleanedBlackMenShortHair/116_cropped.png,black,short,126.86694,122.41196,134.5927,0.4872097
41,112.3449935913086,images/AtypicalFaces/rbg_images/CleanedBlackMenShortHair/243_buzz_cropped.png,black,short,102.02232,96.52589,99.295715,0.38390085
42,153.23487854003906,images/AtypicalFaces/rbg_images/CleanedBlackMenShortHair/171_cropped.png,black,short,144.96706,123.916306,115.03162,0.50098807
43,105.33057403564452,images/AtypicalFaces/rbg_images/CleanedBlackMenShortHair/14_cropped.png,black,short,128.51993,121.338295,122.10555,0.48204312
44,134.19964599609375,images/AtypicalFaces/rbg_images/CleanedBlackMenShortHair/45_buzz_cropped.png,black,short,111.76147,94.233406,71.347404,0.37768415
45,168.7383270263672,images/AtypicalFaces/rbg_images/CleanedBlackMenShortHair/281_buzz_cropped.png,black,short,125.367325,115.49083,111.64763,0.46005452
46,171.612548828125,images/AtypicalFaces/rbg_images/CleanedBlackMenShortHair/40_buzz_cropped.png,black,short,147.98413,117.50449,95.94731,0.48012102
47,119.82722473144533,images/AtypicalFaces/rbg_images/CleanedBlackMenShortHair/18_buzz_cropped.png,black,short,117.66096,84.37632,62.511227,0.35245892
48,139.49365234375,images/AtypicalFaces/rbg_images/CleanedBlackMenShortHair/149_buzz_cropped.png,black,short,145.6742,55.201393,40.44469,0.28775433
49,141.0405731201172,images/AtypicalFaces/rbg_images/CleanedBlackMenShortHair/263_cropped.png,black,short,93.708275,92.03331,104.07258,0.36571917
50,130.5547332763672,images/AtypicalFaces/rbg_images/CleanedBlackMenShortHair/167_buzz_cropped.png,black,short,154.3816,114.82752,90.292274,0.4763484
51,161.78982543945312,images/AtypicalFaces/rbg_images/CleanedBlackMenShortHair/257_buzz_cropped.png,black,short,207.21371,189.27715,180.03418,0.7546066
52,167.1942901611328,images/AtypicalFaces/rbg_images/CleanedBlackMenShortHair/129_cropped.png,black,short,141.1323,127.400696,124.74104,0.5103101
53,160.4608612060547,images/AtypicalFaces/rbg_images/CleanedBlackMenShortHair/84_cropped.png,black,short,148.5552,124.20395,127.89953,0.5084292
54,141.52322387695312,images/AtypicalFaces/rbg_images/CleanedBlackMenShortHair/301_buzz_cropped.png,black,short,117.20651,113.43196,103.55798,0.44518468
55,170.9889373779297,images/AtypicalFaces/rbg_images/CleanedBlackMenShortHair/175_buzz_cropped.png,black,short,152.06262,119.82739,101.82853,0.49170175
56,114.8123779296875,images/AtypicalFaces/rbg_images/CleanedBlackMenShortHair/35_buzz_cropped.png,black,short,101.60023,78.28209,71.9867,0.3246543
57,158.89254760742188,images/AtypicalFaces/rbg_images/CleanedBlackMenShortHair/123_buzz_cropped.png,black,short,135.61165,122.59049,127.26281,0.49292904
58,179.8961181640625,images/AtypicalFaces/rbg_images/CleanedBlackMenShortHair/84_buzz_cropped.png,black,short,192.02823,170.3215,154.9018,0.6816668
59,148.43798828125,images/AtypicalFaces/rbg_images/CleanedBlackMenShortHair/15_buzz_cropped.png,black,short,96.21783,69.890594,57.41227,0.2925062
60,150.46180725097656,images/AtypicalFaces/rbg_images/CleanedBlackMenShortHair/144_buzz_cropped.png,black,short,120.23967,98.10808,82.73448,0.3988445
61,143.25051879882812,images/AtypicalFaces/rbg_images/CleanedBlackMenShortHair/283_buzz_cropped.png,black,short,132.3842,105.17261,90.49469,0.43098214
62,141.54232788085938,images/AtypicalFaces/rbg_images/CleanedBlackMenShortHair/37_cropped.png,black,short,114.34121,80.10478,64.32993,0.3382252
63,85.2334213256836,images/AtypicalFaces/rbg_images/CleanedBlackMenShortHair/232_buzz_cropped.png,black,short,78.768814,60.701553,42.759106,0.2480355
64,138.3828582763672,images/AtypicalFaces/rbg_images/CleanedBlackMenShortHair/46_cropped.png,black,short,134.8899,122.08785,116.15284,0.48777318
65,109.98989868164062,images/AtypicalFaces/rbg_images/CleanedBlackMenShortHair/312_cropped.png,black,short,97.661964,84.9278,72.33829,0.3401075
66,188.5400848388672,images/AtypicalFaces/rbg_images/CleanedBlackMenShortHair/276_cropped.png,black,short,187.92235,169.92848,162.24208,0.6792179
67,151.25099182128906,images/AtypicalFaces/rbg_images/CleanedBlackMenShortHair/125_buzz_cropped.png,black,short,123.99541,98.31736,88.36102,0.4041561
68,191.8677215576172,images/AtypicalFaces/rbg_images/CleanedBlackMenShortHair/102_cropped.png,black,short,140.3314,112.36205,95.93169,0.45931205
69,155.56504821777344,images/AtypicalFaces/rbg_images/CleanedBlackMenShortHair/9_cropped.png,black,short,174.54681,157.60205,150.62889,0.63020575
70,123.29230499267578,images/AtypicalFaces/rbg_images/CleanedBlackMenShortHair/177_cropped.png,black,short,192.76343,152.41899,54.07994,0.6035375
71,146.8191680908203,images/AtypicalFaces/rbg_images/CleanedBlackMenShortHair/313_buzz_cropped.png,black,short,107.78999,66.84822,52.382053,0.29220134
72,78.17240142822266,images/AtypicalFaces/rbg_images/CleanedBlackMenShortHair/180_cropped.png,black,short,114.3822,127.96654,125.67358,0.4898513
73,170.70481872558594,images/AtypicalFaces/rbg_images/CleanedBlackMenShortHair/263_buzz_cropped.png,black,short,164.92807,151.72859,142.44391,0.6033948
74,158.5347137451172,images/AtypicalFaces/rbg_images/CleanedBlackMenShortHair/154_cropped.png,black,short,137.97293,117.72031,100.06928,0.4735435
75,183.7333984375,images/AtypicalFaces/rbg_images/CleanedBlackMenShortHair/107_cropped.png,black,short,157.30077,142.33333,133.37904,0.56811863
76,171.41848754882812,images/AtypicalFaces/rbg_images/CleanedBlackMenShortHair/72_cropped.png,black,short,184.59329,144.29008,141.27063,0.5986019
77,135.63922119140625,images/AtypicalFaces/rbg_images/CleanedBlackMenShortHair/19_buzz_cropped.png,black,short,126.15251,112.91418,102.92571,0.45101464
78,109.3512725830078,images/AtypicalFaces/rbg_images/CleanedBlackMenShortHair/133_cropped.png,black,short,60.840843,94.69915,114.48714,0.3487316
79,138.15939331054688,images/AtypicalFaces/rbg_images/CleanedBlackMenShortHair/118_buzz_cropped.png,black,short,131.05211,104.71847,87.83555,0.42784497
80,138.71417236328125,images/AtypicalFaces/rbg_images/CleanedBlackMenShortHair/105_buzz_cropped.png,black,short,100.06898,136.80782,80.484146,0.48992038
81,118.12793731689452,images/AtypicalFaces/rbg_images/CleanedBlackMenShortHair/38_buzz_cropped.png,black,short,105.43398,86.89524,78.60695,0.3538813
82,154.2088623046875,images/AtypicalFaces/rbg_images/CleanedBlackMenShortHair/314_buzz_cropped.png,black,short,140.02211,147.56102,140.91762,0.57050306
83,141.85838317871094,images/AtypicalFaces/rbg_images/CleanedBlackMenShortHair/91_buzz_cropped.png,black,short,155.2732,135.56133,119.31107,0.54345375
84,190.4637451171875,images/AtypicalFaces/rbg_images/CleanedBlackMenShortHair/156_cropped.png,black,short,136.37695,112.64205,108.83912,0.46045226
85,159.24586486816406,images/AtypicalFaces/rbg_images/CleanedBlackMenShortHair/449_cropped.png,black,short,172.36406,154.68304,151.7947,0.6205288
86,182.1632232666016,images/AtypicalFaces/rbg_images/CleanedBlackMenShortHair/47_cropped.png,black,short,164.00226,140.80106,127.737206,0.56781363
87,53.7635612487793,images/AtypicalFaces/rbg_images/CleanedBlackMenShortHair/445_cropped.png,black,short,52.24902,93.87683,95.50333,0.33388698
88,139.2758026123047,images/AtypicalFaces/rbg_images/CleanedBlackMenShortHair/273_buzz_cropped.png,black,short,163.62964,151.66348,145.90512,0.60310894
89,176.76878356933594,images/AtypicalFaces/rbg_images/CleanedBlackMenShortHair/203_buzz_cropped.png,black,short,138.46617,117.53758,102.78528,0.4742111
90,103.99967193603516,images/AtypicalFaces/rbg_images/CleanedBlackMenShortHair/305_cropped.png,black,short,70.87569,67.460846,63.863453,0.26638225
91,134.80657958984375,images/AtypicalFaces/rbg_images/CleanedBlackMenShortHair/31_buzz_cropped.png,black,short,166.54362,158.16888,151.65073,0.62540996
92,106.03327178955078,images/AtypicalFaces/rbg_images/CleanedBlackMenShortHair/296_buzz_cropped.png,black,short,123.28048,112.997986,98.23033,0.44752547
93,83.16568756103516,images/AtypicalFaces/rbg_images/CleanedBlackMenShortHair/309_cropped.png,black,short,116.444,93.4005,76.04433,0.38058275
94,160.8770294189453,images/AtypicalFaces/rbg_images/CleanedBlackMenShortHair/186_cropped.png,black,short,160.88445,133.64241,117.174034,0.5421469
95,127.28604125976562,images/AtypicalFaces/rbg_images/CleanedBlackMenShortHair/103_cropped.png,black,short,113.94344,89.67304,71.5939,0.3667839
96,170.7222137451172,images/AtypicalFaces/rbg_images/CleanedBlackMenShortHair/262_cropped.png,black,short,144.11923,126.75509,122.390175,0.51032513
97,147.2152862548828,images/AtypicalFaces/rbg_images/CleanedBlackMenShortHair/37_buzz_cropped.png,black,short,141.12909,104.92864,86.72428,0.43652403
98,154.18832397460938,images/AtypicalFaces/rbg_images/CleanedBlackMenShortHair/1_cropped.png,black,short,126.00241,98.842865,92.4901,0.40847233
99,163.4995574951172,images/AtypicalFaces/rbg_images/CleanedBlackMenShortHair/150_buzz_cropped.png,black,short,123.7052,94.440125,69.108,0.38759118
0,160.99440002441406,images/AtypicalFaces/rbg_images/CleanedWhiteMenShortHair/190_buzz_cropped.png,white,short,97.492355,84.82261,97.4817,0.34678704
1,170.13328552246094,images/AtypicalFaces/rbg_images/CleanedWhiteMenShortHair/245_cropped.png,white,short,128.25288,107.02155,76.94839,0.42888826
2,155.92247009277344,images/AtypicalFaces/rbg_images/CleanedWhiteMenShortHair/142_buzz_cropped.png,white,short,167.52408,153.90552,148.69162,0.61343336
3,169.8474578857422,images/AtypicalFaces/rbg_images/CleanedWhiteMenShortHair/161_buzz_cropped.png,white,short,179.68907,156.81258,145.84296,0.6309259
4,188.80740356445312,images/AtypicalFaces/rbg_images/CleanedWhiteMenShortHair/33_cropped.png,white,short,189.43126,155.97363,142.37944,0.63571775
5,179.1673583984375,images/AtypicalFaces/rbg_images/CleanedWhiteMenShortHair/90_cropped.png,white,short,177.77885,172.8977,176.01744,0.6829841
6,152.6967010498047,images/AtypicalFaces/rbg_images/CleanedWhiteMenShortHair/23_cropped.png,white,short,131.90495,113.6435,105.603775,0.45861557
7,137.2490997314453,images/AtypicalFaces/rbg_images/CleanedWhiteMenShortHair/13_buzz_cropped.png,white,short,120.13088,99.30617,84.59762,0.40264115
8,154.3446502685547,images/AtypicalFaces/rbg_images/CleanedWhiteMenShortHair/269_buzz_cropped.png,white,short,100.395905,79.16234,73.74001,0.32661486
9,152.25833129882812,images/AtypicalFaces/rbg_images/CleanedWhiteMenShortHair/12_buzz_cropped.png,white,short,143.61398,127.53138,123.51527,0.51239944
10,147.5458221435547,images/AtypicalFaces/rbg_images/CleanedWhiteMenShortHair/254_cropped.png,white,short,123.13166,112.27691,107.08206,0.44788432
11,175.50631713867188,images/AtypicalFaces/rbg_images/CleanedWhiteMenShortHair/146_buzz_cropped.png,white,short,156.42876,135.068,136.84973,0.54799765
12,174.2356414794922,images/AtypicalFaces/rbg_images/CleanedWhiteMenShortHair/35_cropped.png,white,short,142.36748,119.93091,108.485504,0.48579028
13,172.26158142089844,images/AtypicalFaces/rbg_images/CleanedWhiteMenShortHair/306_buzz_cropped.png,white,short,158.02498,131.80376,130.30374,0.53832155
14,172.95620727539062,images/AtypicalFaces/rbg_images/CleanedWhiteMenShortHair/448_cropped.png,white,short,177.89268,172.55997,171.2256,0.68077576
15,149.4617462158203,images/AtypicalFaces/rbg_images/CleanedWhiteMenShortHair/187_cropped.png,white,short,158.33092,144.1343,129.93193,0.573053
16,194.217041015625,images/AtypicalFaces/rbg_images/CleanedWhiteMenShortHair/74_cropped.png,white,short,164.03453,141.39287,135.99516,0.5718375
17,188.23263549804688,images/AtypicalFaces/rbg_images/CleanedWhiteMenShortHair/52_buzz_cropped.png,white,short,160.25229,158.0469,159.24304,0.6219695
18,151.60012817382812,images/AtypicalFaces/rbg_images/CleanedWhiteMenShortHair/335_buzz_cropped.png,white,short,128.45964,93.15072,67.78581,0.38756603
19,189.2051544189453,images/AtypicalFaces/rbg_images/CleanedWhiteMenShortHair/206_buzz_cropped.png,white,short,178.15654,163.43222,160.02065,0.65222526
20,169.5500946044922,images/AtypicalFaces/rbg_images/CleanedWhiteMenShortHair/227_cropped.png,white,short,192.19463,176.98615,169.14551,0.7045283
21,137.30221557617188,images/AtypicalFaces/rbg_images/CleanedWhiteMenShortHair/147_cropped.png,white,short,107.88443,79.28214,72.83517,0.3329402
22,166.3815155029297,images/AtypicalFaces/rbg_images/CleanedWhiteMenShortHair/431_cropped.png,white,short,191.83533,187.70796,188.24345,0.7397034
23,182.5783233642578,images/AtypicalFaces/rbg_images/CleanedWhiteMenShortHair/457_cropped.png,white,short,132.75552,100.332306,94.405266,0.41882363
24,193.1500396728516,images/AtypicalFaces/rbg_images/CleanedWhiteMenShortHair/140_cropped.png,white,short,210.41908,194.38402,183.78122,0.7726628
25,178.7532958984375,images/AtypicalFaces/rbg_images/CleanedWhiteMenShortHair/391_cropped.png,white,short,157.46974,152.4088,150.3812,0.6013286
26,189.2846527099609,images/AtypicalFaces/rbg_images/CleanedWhiteMenShortHair/179_buzz_cropped.png,white,short,198.07042,174.56137,159.66246,0.6999445
27,192.6041717529297,images/AtypicalFaces/rbg_images/CleanedWhiteMenShortHair/223_cropped.png,white,short,230.88838,215.83173,207.27773,0.8565353
28,187.4921417236328,images/AtypicalFaces/rbg_images/CleanedWhiteMenShortHair/98_cropped.png,white,short,138.233,119.518654,111.30529,0.48198402
29,145.99734497070312,images/AtypicalFaces/rbg_images/CleanedWhiteMenShortHair/16_buzz_cropped.png,white,short,109.29512,98.073074,100.473045,0.39463878
30,191.04090881347656,images/AtypicalFaces/rbg_images/CleanedWhiteMenShortHair/147_buzz_cropped.png,white,short,200.19885,182.84186,169.33792,0.72768086
31,205.99725341796875,images/AtypicalFaces/rbg_images/CleanedWhiteMenShortHair/128_buzz_cropped.png,white,short,144.19836,122.23672,110.29941,0.4942974
32,167.92942810058594,images/AtypicalFaces/rbg_images/CleanedWhiteMenShortHair/194_cropped.png,white,short,207.12932,194.37578,189.04118,0.7713847
33,167.1995849609375,images/AtypicalFaces/rbg_images/CleanedWhiteMenShortHair/440_cropped.png,white,short,183.64107,175.05008,176.8225,0.6941374
34,177.6346435546875,images/AtypicalFaces/rbg_images/CleanedWhiteMenShortHair/145_cropped.png,white,short,175.83733,162.20294,152.50455,0.64471644
35,195.2259063720703,images/AtypicalFaces/rbg_images/CleanedWhiteMenShortHair/106_buzz_cropped.png,white,short,232.93195,210.80591,196.32413,0.8410443
36,182.65814208984372,images/AtypicalFaces/rbg_images/CleanedWhiteMenShortHair/203_cropped.png,white,short,154.60844,139.49257,125.679634,0.555727
37,177.14393615722656,images/AtypicalFaces/rbg_images/CleanedWhiteMenShortHair/251_buzz_cropped.png,white,short,214.52138,195.35417,179.9238,0.7777131
38,177.1986541748047,images/AtypicalFaces/rbg_images/CleanedWhiteMenShortHair/73_buzz_cropped.png,white,short,191.73225,168.81401,162.20859,0.67926025
39,200.2352600097656,images/AtypicalFaces/rbg_images/CleanedWhiteMenShortHair/405_cropped.png,white,short,191.65857,173.23651,164.62782,0.69228655
40,185.5751495361328,images/AtypicalFaces/rbg_images/CleanedWhiteMenShortHair/346_cropped.png,white,short,184.32771,165.49057,150.248,0.6603792
41,179.0642547607422,images/AtypicalFaces/rbg_images/CleanedWhiteMenShortHair/157_cropped.png,white,short,151.6178,119.18939,104.1583,0.49020082
42,173.7150421142578,images/AtypicalFaces/rbg_images/CleanedWhiteMenShortHair/293_buzz_cropped.png,white,short,168.16324,137.81047,133.86188,0.56463
43,178.15626525878906,images/AtypicalFaces/rbg_images/CleanedWhiteMenShortHair/113_cropped.png,white,short,212.24345,199.90921,195.05446,0.7928705
44,179.37930297851562,images/AtypicalFaces/rbg_images/CleanedWhiteMenShortHair/199_buzz_cropped.png,white,short,209.17415,196.16605,190.80687,0.7786107
45,170.2873992919922,images/AtypicalFaces/rbg_images/CleanedWhiteMenShortHair/241_cropped.png,white,short,167.41231,128.6961,117.936035,0.5339348
46,148.35948181152344,images/AtypicalFaces/rbg_images/CleanedWhiteMenShortHair/54_cropped.png,white,short,114.94091,96.471634,77.92376,0.38847423
47,138.70364379882812,images/AtypicalFaces/rbg_images/CleanedWhiteMenShortHair/322_buzz_cropped.png,white,short,73.22859,54.32238,48.697414,0.22720486
48,183.25274658203125,images/AtypicalFaces/rbg_images/CleanedWhiteMenShortHair/2_buzz_cropped.png,white,short,164.41788,135.0987,120.93301,0.550242
49,186.0906524658203,images/AtypicalFaces/rbg_images/CleanedWhiteMenShortHair/1_buzz_cropped.png,white,short,195.3858,150.96886,133.84029,0.6242309
50,164.75025939941406,images/AtypicalFaces/rbg_images/CleanedWhiteMenShortHair/33_buzz_cropped.png,white,short,143.68718,129.02019,130.23087,0.5185365
51,175.96946716308594,images/AtypicalFaces/rbg_images/CleanedWhiteMenShortHair/488_cropped.png,white,short,205.8127,193.73921,195.73015,0.7703945
52,187.7749481201172,images/AtypicalFaces/rbg_images/CleanedWhiteMenShortHair/12_cropped.png,white,short,167.52292,150.48495,140.9667,0.601653
53,203.32537841796875,images/AtypicalFaces/rbg_images/CleanedWhiteMenShortHair/31_cropped.png,white,short,171.71518,151.47523,142.21994,0.6082813
54,189.99215698242188,images/AtypicalFaces/rbg_images/CleanedWhiteMenShortHair/17_cropped.png,white,short,156.61258,134.92613,119.36942,0.5428058
55,190.1731414794922,images/AtypicalFaces/rbg_images/CleanedWhiteMenShortHair/66_buzz_cropped.png,white,short,205.94026,156.42696,133.5895,0.6482701
56,174.6233673095703,images/AtypicalFaces/rbg_images/CleanedWhiteMenShortHair/207_buzz_cropped.png,white,short,188.41443,163.89478,154.16058,0.6604192
57,174.09722900390625,images/AtypicalFaces/rbg_images/CleanedWhiteMenShortHair/157_buzz_cropped.png,white,short,150.7037,142.31628,116.52823,0.55779976
58,184.00799560546875,images/AtypicalFaces/rbg_images/CleanedWhiteMenShortHair/165_cropped.png,white,short,165.6548,130.95784,118.59762,0.53899944
59,174.93727111816406,images/AtypicalFaces/rbg_images/CleanedWhiteMenShortHair/371_cropped.png,white,short,209.46846,188.76825,178.44525,0.7546101
60,170.9379425048828,images/AtypicalFaces/rbg_images/CleanedWhiteMenShortHair/301_buzz_cropped.png,white,short,178.8505,164.71617,155.07863,0.6550063
61,178.7200927734375,images/AtypicalFaces/rbg_images/CleanedWhiteMenShortHair/307_buzz_cropped.png,white,short,176.71283,158.85446,146.57465,0.63437736
62,124.22017669677734,images/AtypicalFaces/rbg_images/CleanedWhiteMenShortHair/335_cropped.png,white,short,111.87199,109.704155,115.32085,0.43360993
63,169.1614990234375,images/AtypicalFaces/rbg_images/CleanedWhiteMenShortHair/461_cropped.png,white,short,148.32536,162.34688,160.18796,0.6243494
64,168.37574768066406,images/AtypicalFaces/rbg_images/CleanedWhiteMenShortHair/175_buzz_cropped.png,white,short,179.59505,160.20654,148.21236,0.6410365
65,174.28990173339844,images/AtypicalFaces/rbg_images/CleanedWhiteMenShortHair/35_buzz_cropped.png,white,short,141.87538,110.26163,108.01415,0.45812845
66,170.22987365722656,images/AtypicalFaces/rbg_images/CleanedWhiteMenShortHair/433_cropped.png,white,short,187.56372,167.6559,161.768,0.67241114
67,156.36334228515625,images/AtypicalFaces/rbg_images/CleanedWhiteMenShortHair/26_buzz_cropped.png,white,short,131.20749,100.84192,90.9488,0.41798362
68,180.98643493652344,images/AtypicalFaces/rbg_images/CleanedWhiteMenShortHair/70_cropped.png,white,short,201.71733,186.06798,179.68372,0.74092317
69,179.41024780273438,images/AtypicalFaces/rbg_images/CleanedWhiteMenShortHair/57_buzz_cropped.png,white,short,206.10188,187.45555,184.2244,0.7497564
70,210.3464813232422,images/AtypicalFaces/rbg_images/CleanedWhiteMenShortHair/8_buzz_cropped.png,white,short,144.89935,113.03205,105.362595,0.46766987
71,183.0850982666016,images/AtypicalFaces/rbg_images/CleanedWhiteMenShortHair/145_buzz_cropped.png,white,short,194.77649,150.91168,132.89165,0.62329394
72,187.5771331787109,images/AtypicalFaces/rbg_images/CleanedWhiteMenShortHair/91_cropped.png,white,short,161.969,136.28304,120.75643,0.55147123
73,184.1691131591797,images/AtypicalFaces/rbg_images/CleanedWhiteMenShortHair/133_buzz_cropped.png,white,short,163.55309,132.44185,127.52791,0.543936
74,173.8938446044922,images/AtypicalFaces/rbg_images/CleanedWhiteMenShortHair/7_buzz_cropped.png,white,short,129.30194,111.055336,113.31182,0.4513675
75,168.1492462158203,images/AtypicalFaces/rbg_images/CleanedWhiteMenShortHair/387_cropped.png,white,short,176.58672,153.89468,136.55711,0.617527
76,177.9688262939453,images/AtypicalFaces/rbg_images/CleanedWhiteMenShortHair/62_buzz_cropped.png,white,short,145.95876,116.736984,99.00149,0.4771438
77,172.6412811279297,images/AtypicalFaces/rbg_images/CleanedWhiteMenShortHair/276_cropped.png,white,short,129.56387,90.03856,67.672134,0.37972662
78,181.1570281982422,images/AtypicalFaces/rbg_images/CleanedWhiteMenShortHair/204_buzz_cropped.png,white,short,169.21002,150.53949,126.15994,0.5990224
79,180.65423583984372,images/AtypicalFaces/rbg_images/CleanedWhiteMenShortHair/154_cropped.png,white,short,126.76257,141.63144,166.03856,0.54992425
80,141.0515594482422,images/AtypicalFaces/rbg_images/CleanedWhiteMenShortHair/11_buzz_cropped.png,white,short,107.85825,96.836464,89.65683,0.38691118
81,118.9150619506836,images/AtypicalFaces/rbg_images/CleanedWhiteMenShortHair/30_cropped.png,white,short,135.21751,125.831314,82.244415,0.4889485
82,186.2198486328125,images/AtypicalFaces/rbg_images/CleanedWhiteMenShortHair/270_buzz_cropped.png,white,short,196.18594,178.8056,171.35709,0.71358573
83,164.30624389648438,images/AtypicalFaces/rbg_images/CleanedWhiteMenShortHair/388_cropped.png,white,short,142.54059,137.79666,138.17476,0.5444424
84,182.667236328125,images/AtypicalFaces/rbg_images/CleanedWhiteMenShortHair/342_cropped.png,white,short,145.16135,119.32712,111.654495,0.48732388
85,180.2880096435547,images/AtypicalFaces/rbg_images/CleanedWhiteMenShortHair/27_buzz_cropped.png,white,short,164.56691,148.36362,137.83159,0.592351
86,171.90541076660156,images/AtypicalFaces/rbg_images/CleanedWhiteMenShortHair/156_cropped.png,white,short,166.3283,157.35956,148.79283,0.62215173
87,175.18251037597656,images/AtypicalFaces/rbg_images/CleanedWhiteMenShortHair/228_cropped.png,white,short,153.23401,122.19661,117.20154,0.5036741
88,130.35284423828125,images/AtypicalFaces/rbg_images/CleanedWhiteMenShortHair/352_cropped.png,white,short,135.98953,95.27564,64.13137,0.39877126
89,122.97034454345705,images/AtypicalFaces/rbg_images/CleanedWhiteMenShortHair/413_cropped.png,white,short,77.40323,63.715595,59.90564,0.26020232
90,185.5758209228516,images/AtypicalFaces/rbg_images/CleanedWhiteMenShortHair/273_cropped.png,white,short,170.70493,152.8831,145.25441,0.6122461
91,177.2383575439453,images/AtypicalFaces/rbg_images/CleanedWhiteMenShortHair/237_buzz_cropped.png,white,short,157.43921,123.86983,118.20447,0.5121576
92,166.75050354003906,images/AtypicalFaces/rbg_images/CleanedWhiteMenShortHair/34_cropped.png,white,short,118.3028,105.14653,98.024376,0.421296
93,155.54405212402344,images/AtypicalFaces/rbg_images/CleanedWhiteMenShortHair/53_buzz_cropped.png,white,short,134.6347,133.08386,136.6453,0.52419883
94,124.93709564208984,images/AtypicalFaces/rbg_images/CleanedWhiteMenShortHair/6_buzz_cropped.png,white,short,118.374886,106.92306,99.39821,0.42672724
95,166.85702514648438,images/AtypicalFaces/rbg_images/CleanedWhiteMenShortHair/382_cropped.png,white,short,163.33453,138.73207,137.3192,0.56416607
96,149.44293212890625,images/AtypicalFaces/rbg_images/CleanedWhiteMenShortHair/237_cropped.png,white,short,170.89635,161.02611,157.67929,0.63875955
97,199.38235473632807,images/AtypicalFaces/rbg_images/CleanedWhiteMenShortHair/64_cropped.png,white,short,201.85399,159.67224,143.90175,0.6568821
98,169.27418518066406,images/AtypicalFaces/rbg_images/CleanedWhiteMenShortHair/182_cropped.png,white,short,145.4309,134.2451,126.17491,0.5334964
99,175.4845428466797,images/AtypicalFaces/rbg_images/CleanedWhiteMenShortHair/414_cropped.png,white,short,166.6828,161.99895,160.90744,0.63888747
